"","deviance","mu","sig","sigmaY","sigmaZ","t.occ.N[1]","tfore.mean"
"1",1.17046237174345,1.05157893728469,1.01937239212471,1.34271763110168,1.01839992425571,1.0230126398443,1.03013825225726
