"","alpha","deviance","mu","sigmaY","sigmaZ","Y[1]","Z[1]"
"1",1.06765315578667,1.0156639450814,1.0025761458907,0.989329430773495,0.988979076477047,1.05242148382514,1.00374430791698
