"","alpha","deviance","mu","sigmaY","sigmaZ","Y[1]","Z[1]"
"1",0.992579607934957,1.02011372255032,1.03011302445944,1.01155865237721,1.06806821802864,1.074660129451,1.12945323361158
