"","alpha","deviance","mu","sigmaY","sigmaZ","Y[1]","Z[1]"
"1",1.01142688555708,1.0037479249301,1.02113572050479,1.0117267314636,1.24619201674966,1.01843358685891,1.02539043812163
