"","alpha","deviance","mu","sigmaY","sigmaZ","Y[1]","Z[1]"
"1",1.01581064656973,0.989868391986039,0.985581249014797,1.01755356996577,1.00986642185898,1.00772645336816,1.06558852496353
