"","alpha","deviance","mu","sigmaY","sigmaZ","Y[1]","Z[1]"
"1",1.01712961219214,1.00413496836823,0.994710595587291,0.988710862652061,1.28080383667589,1.03354063095621,1.12602582100681
