"","alpha","deviance","mu","sigmaY","sigmaZ","Y[1]","Z[1]"
"1",1.02436375646596,1.001231476902,1.03411428023285,1.00959451986343,1.15291129719218,1.00538283046159,1.03862457981952
