"","alpha","deviance","mu","sigmaY","sigmaZ","Y[1]","Z[1]"
"1",1.01558948309925,1.05288772686018,1.07704856708883,1.04009060765106,1.016227871345,1.01780271927115,1.03968424980483
