"","alpha","deviance","mu","sigmaY","sigmaZ","Y[1]","Z[1]"
"1",1.00766918218555,1.00541713184509,1.01938914451226,1.00527718086552,1.14338863971955,1.00475123471516,1.08246643399236
