"","alpha","deviance","mu","sigmaY","sigmaZ","Y[1]","Z[1]"
"1",1.03368023369228,1.00536489200529,1.05993728907729,1.01479324087737,1.10521720036235,0.988400435567785,1.03144336202825
