"","alpha","deviance","mu","sigmaY","sigmaZ","Y[1]","Z[1]"
"1",1.11053815166438,1.02215381595001,1.02339291061377,1.06510491300372,1.19008733615896,0.988451983090247,1.04332170844353
