"","alpha","deviance","mu","sigmaY","sigmaZ","Y[1]","Z[1]"
"1",1.00142033351981,1.08975417555578,0.998614777380507,1.013536953597,1.13019260625924,1.00914680201598,1.07657710831943
