"","alpha","deviance","mu","sigmaY","sigmaZ","Y[1]","Z[1]"
"1",1.01752170197799,1.01893612748269,1.01771303306328,1.1465244985595,1.03176532840904,1.02086626250889,1.05094408286547
