"","alpha","deviance","mu","sigmaY","sigmaZ","Y[1]","Z[1]"
"1",1.0194626747714,1.07871425917688,1.0186958018843,1.11030439335964,1.0057077742953,0.994276180994308,0.995129201659221
