"","alpha","deviance","mu","sigmaY","sigmaZ","Y[1]","Z[1]"
"1",1.01299957853709,1.09711115777518,1.04486431237745,1.00690281885481,1.10261024476076,0.998155038661682,1.05978858736948
