"","alpha","deviance","mu","sigmaY","sigmaZ","Y[1]","Z[1]"
"1",1.02006297778062,1.0187342734011,1.02232009419614,1.01103338235221,0.998846656956726,0.993588174155605,1.04048818161496
