"","alpha","deviance","mu","sigmaY","sigmaZ","Y[1]","Z[1]"
"1",1.01179992278334,1.01480750266752,1.13293808409217,1.00019957722929,1.06521452548268,1.01772337263232,1.07632253638767
