"","alpha","deviance","mu","sigmaY","sigmaZ","Y[1]","Z[1]"
"1",1.00453899774686,1.01447098773802,1.02598249625389,0.995026174107838,1.16336620213169,1.05005950452301,1.00557475141476
