"","alpha","deviance","mu","sigmaY","sigmaZ","Y[1]","Z[1]"
"1",0.989270811024562,1.10829607843955,0.999600881885544,1.03522646920729,1.26375871177879,0.987164387540001,1.13463972262893
