"","alpha","deviance","mu","sigmaY","sigmaZ","Y[1]","Z[1]"
"1",1.009673556297,0.999281755633989,1.0305904249037,1.0009012196011,1.00638154652459,1.00109711420787,1.01395579866915
