"","alpha","deviance","mu","sigmaY","sigmaZ","Y[1]","Z[1]"
"1",1.08051481711398,1.06110804011305,0.997225793757874,1.57571834710164,1.43422280796361,1.13892280472556,1.12010581582058
