"","alpha","deviance","mu","sigmaY","sigmaZ","Y[1]","Z[1]"
"1",1.02253240323065,1.00534732346993,1.01740653020727,0.997117519148443,1.30191281868163,1.03227044374409,1.0812636218866
