"","alpha","deviance","mu","sigmaY","sigmaZ","Y[1]","Z[1]"
"1",1.02386086788793,1.01499419004829,1.03470922609593,0.998608619919319,0.99910578140204,1.00820343946572,1.00572557121046
