"","alpha","deviance","mu","sigmaY","sigmaZ","Y[1]","Z[1]"
"1",1.02405015695418,1.13343573418314,1.00577392085966,1.18312105084709,0.983641485821256,1.04147448071287,1.0428341710424
