"","alpha","deviance","mu","sigmaY","sigmaZ","Y[1]","Z[1]"
"1",0.997884806885512,1.0142775981826,0.999057140092377,0.992355873362267,1.1197969996504,1.00904670251861,1.20505502565272
