"","alpha","deviance","mu","sigmaY","sigmaZ","Y[1]","Z[1]"
"1",1.00163705309584,1.3185037448534,1.0017908862112,1.3363567475537,1.01635226312599,1.05742324319298,1.03485264430032
