"","alpha","deviance","mu","sigmaY","sigmaZ","Y[1]","Z[1]"
"1",1.02530303822521,1.00844463538283,1.0109740366122,0.99645886963501,1.04343945426669,1.00570607274385,1.10675447376896
