"","alpha","deviance","mu","sigmaY","sigmaZ","Y[1]","Z[1]"
"1",1.16344805519859,1.02607739844824,0.991786731738025,1.01074907912246,1.03793281861105,1.0291497316977,1.0232474117696
