"","alpha","deviance","mu","sigmaY","sigmaZ","Y[1]","Z[1]"
"1",1.00120507864962,1.03910314249627,0.996366152130225,1.06782112984453,1.0782735210254,1.03848382332246,1.04392483336894
