"","alpha","deviance","mu","sigmaY","sigmaZ","Y[1]","Z[1]"
"1",1.03281680146847,1.04357228999165,1.03762924821981,1.06261508763392,1.06323873384672,0.997059792416599,1.01482611908606
