"","alpha","deviance","mu","sigmaY","sigmaZ","Y[1]","Z[1]"
"1",1.01964801418347,0.989893483706879,1.02644209640375,1.01164875716708,1.10531056591069,1.02271134734984,0.994296772411861
