"","alpha","deviance","mu","sigmaY","sigmaZ","Y[1]","Z[1]"
"1",1.04608300101379,1.04524488833194,1.03787656687525,1.18167561401899,1.09798860227899,1.02534267881995,1.07134467519497
