"","alpha","deviance","mu","sigmaY","sigmaZ","Y[1]","Z[1]"
"1",1.03769325187665,1.00243314004921,0.99832610875334,1.009409769491,1.01592635771155,1.05809108636246,1.00275906310332
