"","alpha","deviance","mu","sigmaY","sigmaZ","Y[1]","Z[1]"
"1",1.00668498548443,1.0152098001345,1.05991271649385,1.0178866042535,1.12042531592786,0.993777183808061,1.04259090390001
