"","alpha","deviance","mu","sigmaY","sigmaZ","Y[1]","Z[1]"
"1",1.03137503783607,1.02995774643943,0.996767867698784,1.02559016419989,1.0034884363549,1.03607231478312,1.01996034338341
