"","alpha","deviance","mu","sigmaY","sigmaZ","Y[1]","Z[1]"
"1",1.03709845638403,0.99310846294114,1.03503165967391,1.00924235654999,1.02432758311053,1.02881942307349,1.07540792867688
