"","alpha","deviance","mu","sigmaY","sigmaZ","Y[1]","Z[1]"
"1",1.00493619446426,1.00831036173457,0.990596391185488,0.993204377351463,1.05912087400026,1.01900292033412,1.06169367391193
