"","alpha","deviance","mu","sigmaY","sigmaZ","Y[1]","Z[1]"
"1",1.01412960373023,1.06142747590106,0.986188351976856,1.01264396877199,0.990962373953102,1.07413917430573,0.989316458284496
