"","alpha","deviance","mu","sigmaY","sigmaZ","Y[1]","Z[1]"
"1",1.0101280933764,1.02631313313179,0.989189724568577,0.995764021780374,1.01965217212955,1.01480110628651,1.00648028892834
