"","alpha","deviance","mu","sigmaY","sigmaZ","Y[1]","Z[1]"
"1",0.991558969390385,1.00008782769498,1.00097708549537,1.03001949611225,1.12746522733496,1.04357782940488,1.07131526259567
