"","alpha","deviance","mu","sigmaY","sigmaZ","Y[1]","Z[1]"
"1",1.03439172448447,1.02803484567538,1.01116952426393,1.02280968141635,1.03637218933949,1.04272598152277,1.00463049539617
