"","alpha","deviance","mu","sigmaY","sigmaZ","Y[1]","Z[1]"
"1",0.996061914605885,1.01413756943285,1.02357593192939,0.994055006957265,1.04646726160242,1.01488601989599,1.03282520173315
