"","alpha","deviance","mu","sigmaY","sigmaZ","Y[1]","Z[1]"
"1",1.1276469207022,1.05517108999645,4.7086225220391,1.06560036873871,2.95795908339849,1.06384158744014,1.52002620835366
