"","alpha","deviance","mu","sigmaY","sigmaZ","Y[1]","Z[1]"
"1",1.01082452629894,1.07374970811079,1.06537702109568,1.07834420899983,1.08146639469136,1.04723937338757,1.04142715127582
