"","alpha","deviance","mu","sigmaY","sigmaZ","Y[1]","Z[1]"
"1",0.986876310969442,1.01426602240154,0.999349305090329,1.17951990196999,0.99352950598141,1.14440205575087,1.16117556242148
