"","alpha","deviance","mu","sigmaY","sigmaZ","Y[1]","Z[1]"
"1",1.07019559983809,1.01010746492794,1.03412552933341,1.17631774668421,1.07683118691051,1.01828039548711,1.03775096595554
