"","alpha","deviance","mu","sigmaY","sigmaZ","Y[1]","Z[1]"
"1",0.990229069775837,1.00865992488111,1.02020671138892,1.02223442354482,1.44702384005134,1.01704503073114,1.05567060227995
