"","alpha","deviance","mu","sigmaY","sigmaZ","Y[1]","Z[1]"
"1",1.0638561362658,1.00882203820662,1.00334156104433,1.07577234907699,1.06271153652736,1.02635910100124,1.0064351139144
