"","alpha","deviance","mu","sigmaY","sigmaZ","Y[1]","Z[1]"
"1",1.03254930605577,1.00024783066203,1.01051147100165,1.00991106659337,1.00894011752665,1.01820457160572,1.08558376590258
