"","alpha","deviance","mu","sigmaY","sigmaZ","Y[1]","Z[1]"
"1",1.00875617785578,0.995300923338843,1.00430554050027,1.02940975081604,1.05347857745139,0.995295405250139,1.0020392419
