"","alpha","deviance","mu","sigmaY","sigmaZ","Y[1]","Z[1]"
"1",1.05729820263238,1.08241726972569,1.11090629887663,0.990513368569679,1.03152582363669,1.0071991235321,0.994288962487597
