"","alpha","deviance","mu","sigmaY","sigmaZ","Y[1]","Z[1]"
"1",1.00037841246207,1.02141239764514,1.07039502711826,1.34372813877459,1.02374503520222,1.11452342028616,0.996510725983434
