"","alpha","deviance","mu","sigmaY","sigmaZ","Y[1]","Z[1]"
"1",1.04786311215915,1.01668498917063,1.04546814330594,0.988445066459992,1.00781885551876,0.998070419324006,1.09044580294606
