"","alpha","deviance","mu","sigmaY","sigmaZ","Y[1]","Z[1]"
"1",1.09484357570153,1.01964671858863,1.02592612202137,1.11360696521439,0.997400471454111,1.06339557856126,1.00642250713367
