"","alpha","deviance","mu","sigmaY","sigmaZ","Y[1]","Z[1]"
"1",1.084895026823,1.01665835383586,1.11459819232927,0.996316244772925,1.11379812769513,1.00593846650199,1.129176411451
