"","alpha","deviance","mu","sigmaY","sigmaZ","Y[1]","Z[1]"
"1",1.11599827990293,1.01283456971426,0.990493501642743,1.01038813746996,1.0048294010171,1.06743269234756,0.991763310503568
