"","alpha","deviance","mu","sigmaY","sigmaZ","Y[1]","Z[1]"
"1",1.02375091433315,1.00888494913982,0.997382966625962,1.0622072424773,1.00424849919653,1.01587805070694,1.04189540613324
