"","alpha","deviance","mu","sigmaY","sigmaZ","Y[1]","Z[1]"
"1",1.03004473000052,1.0926059041399,1.14918387034137,1.0354953215083,1.165670985207,1.07258542623939,1.47440672811183
