"","alpha","deviance","mu","sigmaY","sigmaZ","Y[1]","Z[1]"
"1",1.01521876745038,1.01496205660845,1.03283097233813,1.02551471698474,1.13393346404445,1.00338737968512,1.08943943177401
