"","alpha","deviance","mu","sigmaY","sigmaZ","Y[1]","Z[1]"
"1",0.987732081607781,1.01579351909198,1.03296279520826,1.3738744530972,1.02156315537617,1.09360157391679,0.986496057935273
