"","alpha","deviance","mu","sigmaY","sigmaZ","Y[1]","Z[1]"
"1",0.990968596582378,1.00359918225038,1.00372733732674,1.02914590829854,1.11177223122007,1.0587469255689,1.06396050653197
