"","alpha","deviance","mu","sigmaY","sigmaZ","Y[1]","Z[1]"
"1",1.04673126850776,1.04170065680416,1.15261585192704,1.04004974403298,1.27856969781554,1.01557847581164,1.21079023059119
