"","alpha","deviance","mu","sigmaY","sigmaZ","Y[1]","Z[1]"
"1",1.01167526436042,1.00984666738056,1.04336262021873,1.02933287963293,1.06118564991934,1.04182049165837,1.01515423873221
