"","alpha","deviance","mu","sigmaY","sigmaZ","Y[1]","Z[1]"
"1",1.02330503479552,1.51934832243275,1.59038123710078,1.00350415216536,2.08727163826391,1.01504598312254,1.1204932715927
