"","alpha","deviance","mu","sigmaY","sigmaZ","Y[1]","Z[1]"
"1",0.990547809060458,1.02692201370884,1.06495158418611,1.01215255584774,1.04034152679393,1.12724053714924,0.99098562029484
