"","alpha","deviance","mu","sigmaY","sigmaZ","Y[1]","Z[1]"
"1",1.00506586602055,1.04014774355267,0.994956410871765,1.00980121737497,1.03256872321206,1.00143282191562,1.00113069884544
