"","alpha","deviance","mu","sigmaY","sigmaZ","Y[1]","Z[1]"
"1",1.19179837370471,0.989265156346883,1.01738968747178,1.00176570693329,1.21063530651314,1.02194821322358,1.10085225600197
