"","alpha","deviance","mu","sigmaY","sigmaZ","Y[1]","Z[1]"
"1",0.993786409199569,1.00317021188542,0.992295702081538,1.03209635547925,1.27906999652929,1.08408699739973,1.12676928545789
