"","alpha","deviance","mu","sigmaY","sigmaZ","Y[1]","Z[1]"
"1",1.02168390613129,0.992498309823265,1.03019316193728,1.0004698594774,1.25878552252113,1.02339549176977,1.09098787060305
