"","alpha","deviance","mu","sigmaY","sigmaZ","Y[1]","Z[1]"
"1",0.999169526107819,1.02406338272572,1.01032195099229,1.00053190083658,0.989058483941768,1.02568934607972,1.04053654494434
