"","alpha","deviance","mu","sigmaY","sigmaZ","Y[1]","Z[1]"
"1",1.0338111947892,0.996620520414513,1.00833463477433,0.992005047954391,1.06643407901538,0.987325551921668,1.02194779409441
