"","alpha","deviance","mu","sigmaY","sigmaZ","Y[1]","Z[1]"
"1",1.07764814175038,1.01171053328094,1.02823763256537,1.02726737823757,1.64607379965256,1.02183746993183,1.14392877769632
