"","alpha","deviance","mu","sigmaY","sigmaZ","Y[1]","Z[1]"
"1",1.03681060772785,1.00948665358296,1.01672331898398,1.00586273064158,1.0245212339787,1.00166378114244,1.04416638680151
