"","alpha","deviance","mu","sigmaY","sigmaZ","Y[1]","Z[1]"
"1",1.01559112723314,1.02651752035169,1.02835452419068,1.1724827191154,1.28365821832058,1.04373032551252,1.17105798623562
