"","alpha","deviance","mu","sigmaY","sigmaZ","Y[1]","Z[1]"
"1",1.03023736500989,1.01463578974288,0.9962417478136,1.09783612541918,1.05146296972178,1.07407254187077,1.03299217637141
