"","alpha","deviance","mu","sigmaY","sigmaZ","Y[1]","Z[1]"
"1",1.01076683989,1.02454555310782,0.997941070483964,1.01707325777674,1.64940946726148,1.03104968737538,1.28876167643938
