"","alpha","deviance","mu","sigmaY","sigmaZ","Y[1]","Z[1]"
"1",1.00799721304843,0.998127875200581,0.988387462730133,1.04582240862348,1.0541853745178,1.02189992557915,1.02472979981855
