"","alpha","deviance","mu","sigmaY","sigmaZ","Y[1]","Z[1]"
"1",1.04439698167505,1.05814770421952,1.00788271509693,1.46018747902609,1.01910682300675,0.994352626361885,0.993987361795739
