"","alpha","deviance","mu","sigmaY","sigmaZ","Y[1]","Z[1]"
"1",1.03948540472523,1.06021360354556,1.0039649056675,1.24654663109516,1.08657504767005,1.13331294240624,1.13835703934228
