"","alpha","deviance","mu","sigmaY","sigmaZ","Y[1]","Z[1]"
"1",1.02809222714788,1.01657216474093,1.02059506192914,1.01795186498445,1.00031569392767,1.01620813576319,1.03429420156329
