"","alpha","deviance","mu","sigmaY","sigmaZ","Y[1]","Z[1]"
"1",0.993879955647692,1.01417402071364,1.08443817739682,1.0752174790505,1.07038803861968,1.06434696545273,1.26881699796133
