"","alpha","deviance","mu","sigmaY","sigmaZ","Y[1]","Z[1]"
"1",0.992059854582505,1.0678239663111,0.996782215290983,1.01144404695137,1.03592052669897,1.04731551877864,1.02529900485145
