"","alpha","deviance","mu","sigmaY","sigmaZ","Y[1]","Z[1]"
"1",0.990718058047418,1.02477052693788,1.03479880233821,1.02771907883786,1.22550186277199,1.07193250203284,1.02106460712376
