"","alpha","deviance","mu","sigmaY","sigmaZ","Y[1]","Z[1]"
"1",1.03042878150197,0.999305840169595,1.00958361113132,0.993743929254558,1.01448681987161,1.01538610278109,1.01663456761191
