"","alpha","deviance","mu","sigmaY","sigmaZ","Y[1]","Z[1]"
"1",1.01575997423047,1.00682713597628,0.992484184387018,1.01005096273227,1.30204864568337,1.02748658731725,1.00130643663009
