"","alpha","deviance","mu","sigmaY","sigmaZ","Y[1]","Z[1]"
"1",1.08595078900966,0.992865278077723,1.18469419057585,1.09335638486315,1.21238502037435,1.00677458561854,1.21310310968464
