"","alpha","deviance","mu","sigmaY","sigmaZ","Y[1]","Z[1]"
"1",1.00849018732765,0.98867042224209,0.997612510021887,0.999677827498553,1.00900045493442,1.00723476745676,1.09826910054836
