"","alpha","deviance","mu","sigmaY","sigmaZ","Y[1]","Z[1]"
"1",1.03424172495543,1.10221900054848,1.04544874867764,1.00094530005779,0.985699605303491,1.03205133568504,1.00796451053147
