"","alpha","deviance","mu","sigmaY","sigmaZ","Y[1]","Z[1]"
"1",1.01499378347012,0.99959115684379,1.01066124751877,1.02522504255551,1.071544816868,1.01407368990488,1.06700533336193
