"","alpha","deviance","mu","sigmaY","sigmaZ","Y[1]","Z[1]"
"1",1.01366944838675,1.0626094682259,1.05483628446209,1.03586311238732,1.09411080336117,0.997014298922992,1.02228507708933
