"","alpha","deviance","mu","sigmaY","sigmaZ","Y[1]","Z[1]"
"1",1.05527402079996,1.00026747368775,1.05407178890199,1.00348748460487,1.2265240631138,1.02658773084663,1.07241503372065
