"","alpha","deviance","mu","sigmaY","sigmaZ","Y[1]","Z[1]"
"1",1.01233571641657,0.988482370041882,1.01259290503004,0.99830692944752,1.01380251800481,0.995762303290516,1.00743457455866
