"","alpha","deviance","mu","sigmaY","sigmaZ","Y[1]","Z[1]"
"1",0.987711117242646,0.983744425652605,1.01586917691641,1.0272778207525,1.05341814500975,0.995865892805347,1.05533139191084
