"","alpha","deviance","mu","sigmaY","sigmaZ","Y[1]","Z[1]"
"1",0.99231679762766,1.00008853201885,1.01885102325469,1.01900174165179,0.998792690823149,1.04489360318684,1.03579993029641
