"","alpha","beta","deviance","sigmaY","sigmaZ","t.occ.N[1]","tfore.mean"
"1",0.994389068578076,0.994041859476433,1.01861854122516,0.983922099924317,1.10091242751389,1.00925443883808,1.00552273573269
