"","alpha","deviance","mu","sigmaY","sigmaZ","Y[1]","Z[1]"
"1",1.00022376354325,1.00026424350632,1.00036246847455,1.00019122822646,1.00134368865638,1.0006119153529,1.00081654812171
