"","alpha","deviance","mu","sigmaY","sigmaZ","Y[1]","Z[1]"
"1",1.00026990734137,1.00045468219554,1.00052191556667,1.00027959811968,1.00033849459469,1.00009404156186,0.999898872616427
