"","alpha","deviance","mu","sigmaY","sigmaZ","Y[1]","Z[1]"
"1",0.999994551058732,0.999944429411902,0.999854835073257,1.00016981067583,1.00042789165533,1.00013119571712,1.00028918298186
