"","alpha","deviance","mu","sigmaY","sigmaZ","Y[1]","Z[1]"
"1",0.999953954562641,0.999977145189705,0.999930356101629,1.00013800842724,1.00050421787781,1.00022779380058,1.001131239236
