"","alpha","deviance","mu","sigmaY","sigmaZ","Y[1]","Z[1]"
"1",0.999914196439826,0.999934921644788,0.999930131921954,0.999997673115863,1.00013035250164,0.999980216143669,1.00118014583658
