"","alpha","deviance","mu","sigmaY","sigmaZ","Y[1]","Z[1]"
"1",1.00006619964713,1.0005683788781,1.00073799110862,1.00004893001918,1.00005232495991,0.999918432861057,1.00015354957757
