"","alpha","deviance","mu","sigmaY","sigmaZ","Y[1]","Z[1]"
"1",0.99993473264743,1.00017078318426,1.00022373870097,1.00084864479063,0.999832068552602,1.00052528099736,1.00000106519848
