"","alpha","deviance","mu","sigmaY","sigmaZ","Y[1]","Z[1]"
"1",0.999941800252124,0.999858715640101,1.00002565411285,0.999889893960972,1.00028472427717,1.00005304255753,1.00042507519971
