"","alpha","deviance","mu","sigmaY","sigmaZ","Y[1]","Z[1]"
"1",1.00051531426658,1.0002451680877,1.00007499042091,1.00018343239461,1.00037320641431,0.999868804779139,1.00071071527396
