"","alpha","deviance","mu","sigmaY","sigmaZ","Y[1]","Z[1]"
"1",0.999964597469882,1.00010966852115,1.00006872222723,1.00013054001343,1.00006014566941,1.00068947290288,1.00058151060471
