"","alpha","deviance","mu","sigmaY","sigmaZ","Y[1]","Z[1]"
"1",1.00009241993037,1.00012637103909,1.00014385761989,0.999954363556338,1.00054115687392,0.999999531998967,1.00109964295196
