"","alpha","deviance","mu","sigmaY","sigmaZ","Y[1]","Z[1]"
"1",0.999851786344057,1.00007069394401,1.00061701467041,1.00047402985167,1.00044983384311,1.00001618898777,1.00126789964741
