"","alpha","deviance","mu","sigmaY","sigmaZ","Y[1]","Z[1]"
"1",1.00039902629261,1.00020775387344,1.00048227022156,0.999883483406544,1.00052486268482,1.00283665345615,0.99996083125201
