"","alpha","deviance","mu","sigmaY","sigmaZ","Y[1]","Z[1]"
"1",1.00019788462024,1.00024379785984,1.00030450289229,1.00015894718522,1.00034272479691,1.00133028691494,1.00021356017674
