"","alpha","deviance","mu","sigmaY","sigmaZ","Y[1]","Z[1]"
"1",1.00037924490851,0.999949346917524,1.00064165087995,0.99997654621742,1.00034725880135,1.00038717215837,1.00248662035439
