"","alpha","deviance","mu","sigmaY","sigmaZ","Y[1]","Z[1]"
"1",0.999972129303461,1.00037283588871,1.00054509551113,1.0002035630599,1.00137340667485,1.00012804827905,1.00125048377381
