"","alpha","deviance","mu","sigmaY","sigmaZ","Y[1]","Z[1]"
"1",1.00051256280027,0.999877283955047,1.0005807740384,0.999869182944778,1.00002312802519,1.00012692597786,1.00073034805469
