"","alpha","deviance","mu","sigmaY","sigmaZ","Y[1]","Z[1]"
"1",1.00032891116525,1.00032546528342,1.00003974854403,0.999872022014596,1.00025381922254,1.00058688233065,1.00053630862241
