"","alpha","deviance","mu","sigmaY","sigmaZ","Y[1]","Z[1]"
"1",1.00003250178721,1.00081674617761,1.00048048454015,1.00013633297976,1.00033625346199,1.00000107361937,1.00019821234617
