"","alpha","deviance","mu","sigmaY","sigmaZ","Y[1]","Z[1]"
"1",1.00061488467906,1.00035063280276,1.00102313210609,1.00046269960827,1.00054862132803,1.00028214502516,1.0004388542231
