"","alpha","deviance","mu","sigmaY","sigmaZ","Y[1]","Z[1]"
"1",1.00021712011037,1.00069784235567,1.00027089142327,1.00008512855987,1.00019260800226,1.00011044360725,1.00051606937171
