"","alpha","deviance","mu","sigmaY","sigmaZ","Y[1]","Z[1]"
"1",0.999900871555065,1.00012726330165,1.00089795458215,1.00008529238383,1.0000312188779,1.00164823763902,1.00063425687187
