"","alpha","deviance","mu","sigmaY","sigmaZ","Y[1]","Z[1]"
"1",1.00016929893564,1.00063661171937,1.00003809032128,1.00011880346128,0.999939665453266,0.999965110741757,0.999980006927263
