"","alpha","deviance","mu","sigmaY","sigmaZ","Y[1]","Z[1]"
"1",0.999868264043426,0.999874398406937,1.00058030330155,0.999911771868407,1.00065811214741,1.00015826913559,1.00065587010091
