"","alpha","deviance","mu","sigmaY","sigmaZ","Y[1]","Z[1]"
"1",1.00021346517861,0.999857988041102,1.0001728922161,1.00001482890561,1.00033870518552,1.00040894151426,1.00024679405093
