"","alpha","deviance","mu","sigmaY","sigmaZ","Y[1]","Z[1]"
"1",1.00088373669222,1.00004674543882,0.999915908711853,1.00000425854975,1.00005736404088,1.00016490907533,1.00001525231307
