"","alpha","deviance","mu","sigmaY","sigmaZ","Y[1]","Z[1]"
"1",0.999970516608754,0.999997816698639,1.00025644578778,0.999988833425182,1.00005269073247,1.00000203328511,1.00036109326825
