"","alpha","deviance","mu","sigmaY","sigmaZ","Y[1]","Z[1]"
"1",1.00017979020463,0.999921013462098,1.00019625121517,1.00021228057956,1.00042052918692,0.999971731411357,1.00018625864704
