"","alpha","deviance","mu","sigmaY","sigmaZ","Y[1]","Z[1]"
"1",1.00013966118728,1.00016285194644,1.0000838992718,1.00062134909215,1.00050741807378,1.00121479461868,1.00048747063601
