"","alpha","deviance","mu","sigmaY","sigmaZ","Y[1]","Z[1]"
"1",1.00027834154628,0.999975216239533,1.00035295657699,0.999931605974676,1.00010554327185,1.0000352699723,1.00009422495467
