"","alpha","deviance","mu","sigmaY","sigmaZ","Y[1]","Z[1]"
"1",1.0001303907519,1.00030579136672,1.00039328214377,0.999913621619414,0.999929974888777,0.999933272817106,0.999956420804506
