"","alpha","deviance","mu","sigmaY","sigmaZ","Y[1]","Z[1]"
"1",0.999876687360013,1.0004347302948,0.99992660182111,1.00048450516342,0.999951209741802,0.999803727019944,1.00017945113441
