"","alpha","deviance","mu","sigmaY","sigmaZ","Y[1]","Z[1]"
"1",1.00042692042749,0.999949717738352,1.00027751812328,0.999889571075255,1.0001435595316,1.00003277949232,1.00017150236933
