"","alpha","deviance","mu","sigmaY","sigmaZ","Y[1]","Z[1]"
"1",1.00017737747943,0.99991788787802,1.0002236259522,1.00062426101011,1.0003134323425,1.00074032139389,1.00135262417961
