"","alpha","deviance","mu","sigmaY","sigmaZ","Y[1]","Z[1]"
"1",1.0000774677607,1.00058895504706,1.00010444982918,1.0000399192238,0.999876583044286,0.999936575417487,0.999866640480532
