"","alpha","deviance","mu","sigmaY","sigmaZ","Y[1]","Z[1]"
"1",1.00028559106071,1.00001448761466,1.00071099899527,1.00012829096921,1.00017840741983,1.00003280613249,1.00049066220696
