"","alpha","deviance","mu","sigmaY","sigmaZ","Y[1]","Z[1]"
"1",1.00087611398679,0.999960849069744,1.00015402984832,1.00031984617349,1.00025358913268,1.00044382568465,1.00038875384587
