"","alpha","deviance","mu","sigmaY","sigmaZ","Y[1]","Z[1]"
"1",1.00008690573467,1.00001245533977,1.00034505035637,1.00079959394823,0.999994170542978,1.00042430946351,1.00021016336927
