"","alpha","deviance","mu","sigmaY","sigmaZ","Y[1]","Z[1]"
"1",1.0001104308489,1.0001016162304,1.00001637979424,1.00012949766275,1.00019243453656,0.99997351605783,0.999907612572858
