"","alpha","deviance","mu","sigmaY","sigmaZ","Y[1]","Z[1]"
"1",1.0000245707949,0.999872696554816,1.00027136622214,1.00000739676685,1.00036787693245,1.00056189803919,1.00100889832261
