"","alpha","deviance","mu","sigmaY","sigmaZ","Y[1]","Z[1]"
"1",1.00036682356252,1.00004085283718,1.00012171530434,0.999815780661577,1.00061934842114,1.00010755609061,1.00146697243261
