"","alpha","deviance","mu","sigmaY","sigmaZ","Y[1]","Z[1]"
"1",0.999961843317867,0.999951143440963,1.00019764861949,1.00005496927739,1.00020622307682,1.00001788975426,1.00054578550582
