"","alpha","deviance","mu","sigmaY","sigmaZ","Y[1]","Z[1]"
"1",1.00000955467267,1.00045579603176,1.00004594826046,1.00020026602902,0.999944570827671,1.00035610993263,1.00027276137373
