"","alpha","deviance","mu","sigmaY","sigmaZ","Y[1]","Z[1]"
"1",1.0005842469868,1.0000653281771,0.999919048988515,0.999888549062569,1.00052377241591,1.00024516506886,1.00021701708766
