"","alpha","deviance","mu","sigmaY","sigmaZ","Y[1]","Z[1]"
"1",1.00010596867217,1.00021327893378,0.999967204493261,1.00032027445049,0.999821820639636,1.00073371725085,0.999987306106931
