"","alpha","deviance","mu","sigmaY","sigmaZ","Y[1]","Z[1]"
"1",1.00130337325657,1.00004561658115,1.00020977807258,1.00031438748688,0.999999193034684,1.00012827600047,1.00103064352196
