"","alpha","deviance","mu","sigmaY","sigmaZ","Y[1]","Z[1]"
"1",0.99993297054153,1.00050281145099,1.00046295057424,0.99985329903544,1.00008933267876,1.00124197104005,1.00118504857384
