"","alpha","deviance","mu","sigmaY","sigmaZ","Y[1]","Z[1]"
"1",1.00043561441425,1.00007303121594,1.00009391609513,1.00036252537674,1.00054479900192,1.00045428870893,1.00104241859495
