"","alpha","deviance","mu","sigmaY","sigmaZ","Y[1]","Z[1]"
"1",1.00040953742497,0.999841893946524,0.999895933563515,1.00105965614203,1.00053098131915,0.999842388720129,1.00103337456975
