"","alpha","deviance","mu","sigmaY","sigmaZ","Y[1]","Z[1]"
"1",1.00034485205784,1.00007481103501,0.999915055632313,1.00009507140683,0.999876812939563,1.00125096917886,1.0000876044743
