"","alpha","deviance","mu","sigmaY","sigmaZ","Y[1]","Z[1]"
"1",1.00023497557944,1.0001443654168,1.00014520123562,1.00033117201065,1.00009139790683,1.00008803772003,1.00102407885675
