"","alpha","deviance","mu","sigmaY","sigmaZ","Y[1]","Z[1]"
"1",1.00011154497336,1.00040405290357,0.999887183973179,0.999945314826783,1.0003723158123,0.999889686543822,1.0000452943906
