"","alpha","deviance","mu","sigmaY","sigmaZ","Y[1]","Z[1]"
"1",1.0000067989988,0.999957164013976,1.00009553870717,1.00024147004408,1.00143711556863,1.00013795662919,1.00073311070373
