"","alpha","deviance","mu","sigmaY","sigmaZ","Y[1]","Z[1]"
"1",1.00007322690018,1.00012118974839,1.00090530522255,1.00001601522091,1.00018176546595,1.00036544244015,1.00191600415191
