"","alpha","deviance","mu","sigmaY","sigmaZ","Y[1]","Z[1]"
"1",1.0008922029694,1.00026570402038,1.00056927247766,1.00032605113058,1.00043206505216,1.00019888020457,1.00014272033107
