"","alpha","deviance","mu","sigmaY","sigmaZ","Y[1]","Z[1]"
"1",1.0000629326666,1.0006911416405,1.00017963209918,1.00015750586896,1.00026359147427,1.00033458531135,1.00068394648235
