"","alpha","deviance","mu","sigmaY","sigmaZ","Y[1]","Z[1]"
"1",1.00025214367764,1.0000685698061,1.00125042485161,1.00017617285988,1.00064213564752,0.999933424341416,1.00061285131283
