"","alpha","deviance","mu","sigmaY","sigmaZ","Y[1]","Z[1]"
"1",1.00016297341258,1.00017664017709,0.999893923645276,1.00016628392254,0.999886440117956,1.00090436668082,1.00018868643531
