"","alpha","deviance","mu","sigmaY","sigmaZ","Y[1]","Z[1]"
"1",1.00077258740728,0.999924215176787,0.999942608080836,0.999882520521601,1.00016848840051,1.00073569044244,0.99984299836024
