"","alpha","deviance","mu","sigmaY","sigmaZ","Y[1]","Z[1]"
"1",1.00055703910151,1.00015018283606,0.999893805352203,1.00011021298727,1.00036867370902,1.00029146440037,1.00120689947189
