"","alpha","deviance","mu","sigmaY","sigmaZ","Y[1]","Z[1]"
"1",0.999969319989089,0.999939217660699,0.999923788946717,1.00008809268365,1.00142675634383,1.00015810079303,1.00221601313118
