"","alpha","deviance","mu","sigmaY","sigmaZ","Y[1]","Z[1]"
"1",1.00013620515585,1.00004313422652,1.00008702494505,1.0003834162971,1.0007034901313,1.00008343467285,0.999983173571517
