"","alpha","deviance","mu","sigmaY","sigmaZ","Y[1]","Z[1]"
"1",1.00057609202476,1.00136933573697,1.00020763865463,1.00036878236951,1.00041176825253,1.00020267059446,1.0011145544734
