"","alpha","deviance","mu","sigmaY","sigmaZ","Y[1]","Z[1]"
"1",1.00015885388003,1.00006349630903,0.99982846231581,0.999887041282459,0.999916705863425,1.00014523054747,1.00036631288767
