"","alpha","deviance","mu","sigmaY","sigmaZ","Y[1]","Z[1]"
"1",1.0003145818478,0.999968671679109,1.00031193915488,0.999990022012679,1.00055273724266,1.00009754226433,1.00000535252589
