"","alpha","deviance","mu","sigmaY","sigmaZ","Y[1]","Z[1]"
"1",1.00004883506433,1.00041801045725,1.00066285025958,0.999995291755055,0.999887798312996,1.00100907408036,1.00052701666384
