"","alpha","deviance","mu","sigmaY","sigmaZ","Y[1]","Z[1]"
"1",1.0009245616631,1.00039719130698,0.999923337610513,0.999968434320735,1.00035443339509,1.0006699991997,1.00025955995385
