"","alpha","deviance","mu","sigmaY","sigmaZ","Y[1]","Z[1]"
"1",0.999928035349249,1.00048530352441,1.00035134281216,1.00046882760364,0.999885365656298,0.999905207066482,1.00120302622028
