"","alpha","deviance","mu","sigmaY","sigmaZ","Y[1]","Z[1]"
"1",1.0006166304815,1.00036468687737,1.00013989936907,1.00009165042965,0.999904449170918,0.999920553161873,1.00253041116487
