"","alpha","deviance","mu","sigmaY","sigmaZ","Y[1]","Z[1]"
"1",0.999928559214389,1.00006099611645,0.99989632278379,1.00145060118542,1.00047067392071,1.0023705602684,1.00075101109603
