"","alpha","deviance","mu","sigmaY","sigmaZ","Y[1]","Z[1]"
"1",0.999935811865797,1.00003014992846,0.999855327867142,1.00031166676408,1.00030321972776,1.0007302755006,1.00041031647327
