"","alpha","deviance","mu","sigmaY","sigmaZ","Y[1]","Z[1]"
"1",1.00062476706897,1.00020954725605,1.00044765930936,0.999877077313039,0.999981100733768,1.00043193840611,1.00047272986366
