"","alpha","deviance","mu","sigmaY","sigmaZ","Y[1]","Z[1]"
"1",1.00035620770554,1.00025880650668,1.00009580920527,1.00143825984303,1.0010522922689,1.00098476059074,0.999845284268718
