"","alpha","deviance","mu","sigmaY","sigmaZ","Y[1]","Z[1]"
"1",1.00035880656256,0.999893959743652,1.0002210200011,1.00010347284038,1.00074655497775,1.00002449562811,1.0006701626212
