"","alpha","deviance","mu","sigmaY","sigmaZ","Y[1]","Z[1]"
"1",1.00011559150455,0.999997660057125,0.999906039595411,1.00010530567694,1.00091178160418,1.00052384361794,1.00028211462311
