"","alpha","deviance","mu","sigmaY","sigmaZ","Y[1]","Z[1]"
"1",1.00027647523201,1.00019287529346,0.999892889032683,1.00026365007085,1.00032283502161,1.00016429188914,1.00115433263585
