"","alpha","deviance","mu","sigmaY","sigmaZ","Y[1]","Z[1]"
"1",1.00065343159044,1.00091939048167,1.00063196946763,1.00026861789656,1.00036096742804,1.00057235414578,1.00001269279395
