"","alpha","deviance","mu","sigmaY","sigmaZ","Y[1]","Z[1]"
"1",0.999961742071741,1.00021465454175,1.00006679234926,1.00048202450428,0.999980706818597,1.00184751185526,0.999847706454616
