"","alpha","deviance","mu","sigmaY","sigmaZ","Y[1]","Z[1]"
"1",1.00019221850037,1.00153627845809,1.00007069998155,1.00093253186552,1.0001142763289,1.00089486075687,1.00036863579935
