"","alpha","deviance","mu","sigmaY","sigmaZ","Y[1]","Z[1]"
"1",0.999992272797868,1.00004139865485,0.99990545991707,0.999999996327074,1.00024888288396,1.00005999759435,1.00024564629623
