"","alpha","deviance","mu","sigmaY","sigmaZ","Y[1]","Z[1]"
"1",1.00016857189536,1.00029822923223,1.00044034738362,0.999936214142551,1.00014417687572,1.00082151565886,1.0001233013923
