"","alpha","deviance","mu","sigmaY","sigmaZ","Y[1]","Z[1]"
"1",1.00061514401809,1.00061902457049,0.999876800615257,1.00016359389973,0.999846134736611,1.00046536539692,1.00051338901024
