"","alpha","deviance","mu","sigmaY","sigmaZ","Y[1]","Z[1]"
"1",0.999883641227133,1.00029097667008,0.999876154452583,1.00027207830626,0.999861823520093,1.00002055812431,1.00049388322519
