"","alpha","deviance","mu","sigmaY","sigmaZ","Y[1]","Z[1]"
"1",1.0001954592698,1.00014555970637,1.00046333576333,0.999958173840626,1.00002516465612,1.00034551394333,1.00090148780019
