"","alpha","deviance","mu","sigmaY","sigmaZ","Y[1]","Z[1]"
"1",1.00032734877651,0.999986681651279,0.999970641489055,1.0007734824285,1.00006323983907,1.00004374200091,1.00282639167673
