"","alpha","deviance","mu","sigmaY","sigmaZ","Y[1]","Z[1]"
"1",1.00008655123748,1.0000978771596,1.00052191826458,1.00012075093155,1.00018558697824,1.00029035284988,1.00035517887679
