"","alpha","deviance","mu","sigmaY","sigmaZ","Y[1]","Z[1]"
"1",1.00032068145866,1.00052368948975,1.00050631273969,0.999886370064749,1.0007412192548,1.00013575313413,1.00127900180814
