"","alpha","deviance","mu","sigmaY","sigmaZ","Y[1]","Z[1]"
"1",1.00043458034306,1.00057011145744,1.00053459007941,1.0001973381647,1.00068435284016,1.00052506439034,1.00125027833362
