"","alpha","deviance","mu","sigmaY","sigmaZ","Y[1]","Z[1]"
"1",1.00223188575746,1.00060715566699,1.00011358959674,1.00032777034355,1.00035948607431,0.99996099153064,1.00005269127511
