"","alpha","deviance","mu","sigmaY","sigmaZ","Y[1]","Z[1]"
"1",1.00015374662889,1.00025028976547,1.00015285445647,1.00049105554122,1.00029333206384,1.00180121887539,1.00083778133023
