"","alpha","deviance","mu","sigmaY","sigmaZ","Y[1]","Z[1]"
"1",1.00003416044951,0.999934098482851,1.00000536147371,1.00014335550218,0.999869588951104,1.00010341773629,1.00005656050939
