"","alpha","deviance","mu","sigmaY","sigmaZ","Y[1]","Z[1]"
"1",1.00136208254608,1.00065664796956,1.00078268958103,1.00016987158529,1.00022517899504,1.0004532703009,1.00032647108905
