"","alpha","deviance","mu","sigmaY","sigmaZ","Y[1]","Z[1]"
"1",1.00004323601393,1.00013183546016,1.00035888219058,0.999978505903906,1.00070721135629,1.00012343411396,1.000465270297
