"","alpha","beta","deviance","sigmaY","sigmaZ","t.occ.N[1]","tfore.mean"
"1",0.993601498546622,1.09904141029947,1.35820565966596,1.40047708555366,1.05599181452385,1.040689469224,1.06652872609697
