"","alpha","beta","deviance","sigmaY","sigmaZ","t.occ.N[1]","tfore.mean"
"1",0.999602386727507,1.03432680770962,1.0890975019193,1.238035587773,1.01158207548366,1.02870203594749,1.04128777618281
