"","deviance","lambda","sigmaZ","t.occ.N[1]","tfore.mean"
"1",1.00012739505382,1.00000123195231,1.00015057246341,1.00091978913759,1.00035374187581
