"","alpha","beta","deviance","sigmaY","sigmaZ","t.occ.N[1]","tfore.mean"
"1",0.9990670525933,1.01886008279444,1.0416183727781,1.02398207126087,1.00015474330359,1.02217989130764,1.02064281029493
