"","alpha","beta","deviance","sigmaY","sigmaZ","t.occ.N[1]","tfore.mean"
"1",1.00484114970118,0.995667936809168,1.02586231968458,1.06669695535496,1.22354000860021,1.01638268173287,1.01513669656713
