"","alpha","beta","deviance","sigmaY","sigmaZ","t.occ.N[1]","tfore.mean"
"1",1.00863349411271,0.999177855500639,0.998459626795056,1.0779664246876,1.02258992026326,0.99526595494905,1.02664130800976
