"","alpha","beta","deviance","sigmaY","sigmaZ","t.occ.N[1]","tfore.mean"
"1",1.01650503230097,1.02513879787248,1.04192567829727,1.17129053335776,1.07321281187554,0.997118948420593,1.0011651486417
