"","alpha","beta","deviance","sigmaY","sigmaZ","t.occ.N[1]","tfore.mean"
"1",1.00488906393711,1.00345660910411,1.00148240340609,1.04710662170376,1.02177359819029,1.04983767886431,1.06646159611338
