"","alpha","beta","deviance","sigmaY","sigmaZ","t.occ.N[1]","tfore.mean"
"1",1.02239916509067,1.03206497521647,0.992640182267724,1.00846882462055,1.06702608977034,1.03470390564398,0.986231480147796
