"","alpha","beta","deviance","sigmaY","sigmaZ","t.occ.N[1]","tfore.mean"
"1",0.984209292804375,0.993897114178397,1.00995344997782,1.08207300086518,1.4456246388413,1.01262015354942,1.03745974238378
