"","alpha","beta","deviance","sigmaY","sigmaZ","t.occ.N[1]","tfore.mean"
"1",1.00767449528671,1.01886161425438,0.991134297780633,1.02057187818585,1.18644341246013,1.11466004991421,0.98784336351313
