"","alpha","beta","deviance","sigmaY","sigmaZ","t.occ.N[1]","tfore.mean"
"1",1.02448091096136,1.02627341520594,0.992904347629662,1.16460487838369,1.0689883595636,1.01185307843237,0.999473525376669
