"","alpha","beta","deviance","sigmaY","sigmaZ","t.occ.N[1]","tfore.mean"
"1",1.07524869660084,1.0323584485021,0.994678876060712,0.999763230663051,1.05988838444769,1.00368152121795,1.05633741335929
