"","alpha","beta","deviance","sigmaY","sigmaZ","t.occ.N[1]","tfore.mean"
"1",1.01189543264233,1.01999152122468,0.99203117043211,1.16750006579206,1.12882884060656,1.00311265032768,1.04609569231914
