"","alpha","beta","deviance","sigmaY","sigmaZ","t.occ.N[1]","tfore.mean"
"1",1.04202995813925,1.03248569026056,1.08069606343707,1.07367545510378,1.19975108393993,1.11041995710516,1.0069245293711
