"","alpha","beta","deviance","sigmaY","sigmaZ","t.occ.N[1]","tfore.mean"
"1",0.99933625219004,1.01848104588986,1.01518195059049,1.02514550293534,1.09804452720517,1.00600997409456,1.10279171603975
