"","alpha","beta","deviance","sigmaY","sigmaZ","t.occ.N[1]","tfore.mean"
"1",1.34804374323704,1.31705640733467,1.00827551881023,1.13290543030148,1.06771209847323,1.03585028686307,0.992601489048617
