"","alpha","beta","deviance","sigmaY","sigmaZ","t.occ.N[1]","tfore.mean"
"1",1.03837428229028,1.01883088015234,1.03158677488704,1.11441969509133,1.10491340260746,1.02260584172564,0.997302916010101
