"","alpha","beta","deviance","sigmaY","sigmaZ","t.occ.N[1]","tfore.mean"
"1",1.02577440697825,1.02136279623896,0.995006276257188,1.17875560662036,1.1669686382759,0.991236933457915,1.01057729907246
