"","alpha","beta","deviance","sigmaY","sigmaZ","t.occ.N[1]","tfore.mean"
"1",0.994636163874657,0.989459983815555,1.00004697788249,1.04497010356413,1.06518107303032,1.00863441001794,1.10333642014387
