"","alpha","beta","deviance","sigmaY","sigmaZ","t.occ.N[1]","tfore.mean"
"1",0.995754869409863,0.987619247851623,1.09215798173441,1.13402848984848,1.12993896923169,1.00609854214231,1.02564107423829
