"","alpha","beta","deviance","sigmaY","sigmaZ","t.occ.N[1]","tfore.mean"
"1",0.997856931804076,1.02266515428688,1.11268143065316,1.17432162634891,1.07557663789596,1.01895492847853,1.03586524322382
