"","alpha","beta","deviance","sigmaY","sigmaZ","t.occ.N[1]","tfore.mean"
"1",1.00069691855195,0.999048850934704,1.15807594857086,1.02773846622028,1.6410171205726,1.00937168290611,0.992593578017071
