"","alpha","beta","deviance","sigmaY","sigmaZ","t.occ.N[1]","tfore.mean"
"1",0.988051638923518,0.993463815086002,1.02110960297609,1.07943042422869,1.22637592429944,1.02751222276382,1.01999787015361
