"","alpha","beta","deviance","sigmaY","sigmaZ","t.occ.N[1]","tfore.mean"
"1",1.01196263819715,0.995641286954234,1.04337716633035,1.04239484292333,1.14513993710185,1.00101740247395,1.00308601493073
