"","alpha","beta","deviance","sigmaY","sigmaZ","t.occ.N[1]","tfore.mean"
"1",0.992421594972993,0.995303576833423,1.03323764007279,1.07118514605755,1.03982725626906,1.03720441925248,0.995181142354097
