"","alpha","beta","deviance","sigmaY","sigmaZ","t.occ.N[1]","tfore.mean"
"1",0.990105020003532,0.989075089115715,1.02711955599189,1.00155147339103,1.12908021997247,1.02769242743294,1.10153370063375
