"","alpha","beta","deviance","sigmaY","sigmaZ","t.occ.N[1]","tfore.mean"
"1",1.01116383708458,1.01746938771321,1.01789961457719,1.00772197773069,1.11813666283159,1.00903205021298,0.99971485031259
