"","alpha","beta","deviance","sigmaY","sigmaZ","t.occ.N[1]","tfore.mean"
"1",1.04228179153401,1.02453727338572,1.01525435239384,1.05549286993721,1.01906439108722,1.01371133889257,1.04333495390309
