"","alpha","beta","deviance","sigmaY","sigmaZ","t.occ.N[1]","tfore.mean"
"1",1.04026227055371,1.03325517667161,1.07121318226844,1.04146826072937,1.00334969676848,1.00258286537295,1.01831865466536
