"","alpha","beta","deviance","sigmaY","sigmaZ","t.occ.N[1]","tfore.mean"
"1",1.03765779021675,1.02224885665132,0.988823853144513,0.996607775851088,1.02107740372156,1.07232703472836,0.996291008894228
