"","alpha","beta","deviance","sigmaY","sigmaZ","t.occ.N[1]","tfore.mean"
"1",1.02097327532193,1.01925298965667,1.02412525597667,1.021619884548,1.07318543198103,1.01069601391001,1.02461934574758
