"","alpha","beta","deviance","sigmaY","sigmaZ","t.occ.N[1]","tfore.mean"
"1",1.04467735000186,1.07489673711837,0.990626836719086,1.02288417850395,1.00177308634327,1.12476806208239,1.02291031522317
