"","alpha","beta","deviance","sigmaY","sigmaZ","t.occ.N[1]","tfore.mean"
"1",1.04575261850723,1.03174207385756,1.16209153768945,1.08263711435852,1.06057453200521,1.0048050252295,1.00106516867103
