"","alpha","beta","deviance","sigmaY","sigmaZ","t.occ.N[1]","tfore.mean"
"1",0.997588860126897,0.996668062082656,1.07821637945471,1.133490796671,1.00660515487747,0.993325177278938,1.04984557602407
