"","alpha","beta","deviance","sigmaY","sigmaZ","t.occ.N[1]","tfore.mean"
"1",1.0112933879002,1.01244707732359,1.02609759682545,1.02781986877038,1.09388233501398,1.00926264226906,1.00374132858855
