"","alpha","beta","deviance","sigmaY","sigmaZ","t.occ.N[1]","tfore.mean"
"1",0.994569583972933,0.99989269593192,1.0066027549592,1.02519630999406,1.10556934259892,1.05210753341187,0.988735732625968
