"","alpha","beta","deviance","sigmaY","sigmaZ","t.occ.N[1]","tfore.mean"
"1",0.986609488967065,0.989098933283021,0.986615309135754,1.02332292268204,1.04397768734713,0.990593672562871,0.998553665558703
