"","alpha","beta","deviance","sigmaY","sigmaZ","t.occ.N[1]","tfore.mean"
"1",1.000425919612,0.989002440814154,1.05512331785593,1.09007716561268,1.0770111631043,1.13469277828203,1.01910491240169
