"","alpha","beta","deviance","sigmaY","sigmaZ","t.occ.N[1]","tfore.mean"
"1",1.10341359282003,1.14478653293748,1.02000531681357,1.01520388012542,1.18121703957502,1.0086084755092,0.998285831536454
