"","alpha","beta","deviance","sigmaY","sigmaZ","t.occ.N[1]","tfore.mean"
"1",1.01359082256708,1.00970611239401,0.987584694803693,1.01107665923681,1.07723266674923,1.00991786442259,1.02960778522369
