"","alpha","beta","deviance","sigmaY","sigmaZ","t.occ.N[1]","tfore.mean"
"1",1.0166341475145,1.00932867000314,1.12181884867539,1.51579242318267,1.10426016928873,0.996026129645814,1.02336023738663
