"","alpha","beta","deviance","sigmaY","sigmaZ","t.occ.N[1]","tfore.mean"
"1",1.02792919629316,1.0325822418906,1.0953047822933,1.13405366530063,0.997481079244351,0.994326784815559,1.02792417291774
