"","alpha","beta","deviance","sigmaY","sigmaZ","t.occ.N[1]","tfore.mean"
"1",1.05385175074255,1.03235610068533,1.05681694768955,1.13608548038817,0.996300749091025,0.989661122337183,1.03467122320718
