"","alpha","beta","deviance","sigmaY","sigmaZ","t.occ.N[1]","tfore.mean"
"1",0.993859377812614,0.991148166272251,1.06633376855995,1.04592106417923,1.01820079550805,1.07833610017173,0.994990421568484
