"","alpha","beta","deviance","sigmaY","sigmaZ","t.occ.N[1]","tfore.mean"
"1",1.00438907656057,1.00973687243025,1.0103158702185,1.21432642095761,1.02430322369758,1.00108857720486,1.02555791266405
