"","alpha","beta","deviance","sigmaY","sigmaZ","t.occ.N[1]","tfore.mean"
"1",1.07351600766844,1.03205333883986,1.1179362094328,1.04278098471617,1.01291484016943,1.00196913191171,1.03478267150692
