"","alpha","beta","deviance","sigmaY","sigmaZ","t.occ.N[1]","tfore.mean"
"1",1.00209497509378,1.0075926766061,1.00187183039018,1.08067738536779,1.41196555327465,1.07601289549237,1.03459147731559
