"","alpha","beta","deviance","sigmaY","sigmaZ","t.occ.N[1]","tfore.mean"
"1",0.990733739254483,0.991460784649139,1.108323941911,1.06400599623933,1.04756885437157,0.985921954610569,1.00015351179161
