"","deviance","lambda","sigmaZ","t.occ.N[1]","tfore.mean"
"1",1.00054602334494,0.999988049665783,0.999953757331195,1.00057135603611,1.00052481676545
