"","deviance","lambda","sigmaZ","t.occ.N[1]","tfore.mean"
"1",1.04443254554644,1.00810547995733,0.998411440300514,1.04111125255043,1.02406226382863
