"","deviance","lambda","sigmaZ","t.occ.N[1]","tfore.mean"
"1",1.11879388323734,1.07245365817077,1.04495615657533,1.08260375133462,1.03770991126146
