"","deviance","lambda","sigmaZ","t.occ.N[1]","tfore.mean"
"1",1.13681870014879,1.03947362987665,1.0294978910466,0.995727484509407,1.00437667370724
