"","deviance","lambda","sigmaZ","t.occ.N[1]","tfore.mean"
"1",1.00811259480617,0.997121302548296,1.07039908361641,1.08725676641505,1.00697934928285
