"","deviance","lambda","sigmaZ","t.occ.N[1]","tfore.mean"
"1",1.04341282997288,1.0664571348303,1.01088705485895,1.03807663411351,0.9933122057085
