"","deviance","lambda","sigmaZ","t.occ.N[1]","tfore.mean"
"1",1.08086918622395,1.05508644411427,1.06321482093217,1.0140153350963,1.02692886548595
