"","deviance","lambda","sigmaZ","t.occ.N[1]","tfore.mean"
"1",1.07843323173224,1.02564500579026,1.17717398332004,1.02439142879091,1.04592783638477
