"","deviance","lambda","sigmaZ","t.occ.N[1]","tfore.mean"
"1",1.0410904603715,0.986703729307728,1.00770931587781,1.05491350045945,0.993811816511533
