"","deviance","lambda","sigmaZ","t.occ.N[1]","tfore.mean"
"1",1.02856042480837,0.997783107241889,1.23002411077589,1.0112400818714,1.00800572989273
