"","deviance","lambda","sigmaZ","t.occ.N[1]","tfore.mean"
"1",1.01718905024403,0.99483879173569,1.00440672018741,1.08025708368192,1.05213726144245
