"","deviance","lambda","sigmaZ","t.occ.N[1]","tfore.mean"
"1",1.03636064197813,1.01856218289305,1.13577867595474,1.00195873717742,1.05067470481436
