"","deviance","lambda","sigmaZ","t.occ.N[1]","tfore.mean"
"1",0.997267248099532,0.995844560023243,1.00574691613556,0.989346274947084,0.992695698729708
