"","deviance","lambda","sigmaZ","t.occ.N[1]","tfore.mean"
"1",1.06815869830317,1.03145744146993,1.09355126158334,1.18921995754419,1.01138295490349
