"","deviance","lambda","sigmaZ","t.occ.N[1]","tfore.mean"
"1",1.00099360995994,0.992501529301438,1.0389338895791,0.997088356412315,1.00564663339122
