"","deviance","lambda","sigmaZ","t.occ.N[1]","tfore.mean"
"1",0.988980975474448,0.99896990958594,1.0260505562863,1.02792932115926,1.03356747353367
