"","deviance","lambda","sigmaZ","t.occ.N[1]","tfore.mean"
"1",0.995726217781655,0.992328402034679,1.04200002019589,1.01694559216441,1.00406639124394
