"","deviance","lambda","sigmaZ","t.occ.N[1]","tfore.mean"
"1",1.00480638774513,1.04175572765082,1.14664334864644,1.06165518054554,0.988772615371978
