"","deviance","lambda","sigmaZ","t.occ.N[1]","tfore.mean"
"1",1.00729324084598,0.990764298653608,1.17038099906766,1.04936634501276,0.99976237039327
