"","deviance","lambda","sigmaZ","t.occ.N[1]","tfore.mean"
"1",1.06064755802361,0.991090349606552,1.02408740348735,0.997179451632175,0.999512762252929
