"","deviance","lambda","sigmaZ","t.occ.N[1]","tfore.mean"
"1",0.998603630114505,1.01538888874719,0.997814336518154,0.992797138801941,1.0470876926706
