"","deviance","lambda","sigmaZ","t.occ.N[1]","tfore.mean"
"1",1.01862021207914,1.04902386178916,1.11684642628453,1.030194806566,1.00577363187753
