"","deviance","lambda","sigmaZ","t.occ.N[1]","tfore.mean"
"1",1.15262362289059,1.03537075142863,1.21316346554414,1.06529289942798,1.06208918754097
