"","deviance","lambda","sigmaZ","t.occ.N[1]","tfore.mean"
"1",1.0913711020497,1.02555030161892,1.012334868576,1.09114403668853,0.990657791081123
