"","deviance","lambda","sigmaZ","t.occ.N[1]","tfore.mean"
"1",1.01041593190365,1.02970703503523,0.993669994540157,1.05043501864435,0.999951000382392
