"","deviance","lambda","sigmaZ","t.occ.N[1]","tfore.mean"
"1",0.99957001912501,0.983656056998221,0.991328583867745,1.00856571564799,1.02842679537401
