"","deviance","lambda","sigmaZ","t.occ.N[1]","tfore.mean"
"1",1.05947952030677,1.04873424875794,1.05783110804509,1.12431180705214,1.125870627357
