"","deviance","lambda","sigmaZ","t.occ.N[1]","tfore.mean"
"1",1.0431885497696,1.03146078613769,1.01982870739749,1.08423635289546,1.02796713693448
