"","deviance","lambda","sigmaZ","t.occ.N[1]","tfore.mean"
"1",1.0497126162543,0.991640732547129,1.09292609707784,1.04014574395988,1.02512360926878
