"","deviance","lambda","sigmaZ","t.occ.N[1]","tfore.mean"
"1",0.99751786189978,0.995770219038104,1.04303770754578,0.992419219906032,1.01173360167749
