"","deviance","lambda","sigmaZ","t.occ.N[1]","tfore.mean"
"1",1.02983383463248,1.01857186738378,1.11725908801953,1.02060035164015,1.03186494184066
