"","deviance","lambda","sigmaZ","t.occ.N[1]","tfore.mean"
"1",1.11297400738435,0.994644217156057,1.10251789751647,1.07018542666872,1.0081943485553
