"","deviance","lambda","sigmaZ","t.occ.N[1]","tfore.mean"
"1",1.0878941690464,1.00371880679855,1.19019901222589,1.07916763831393,1.00438847436764
