"","deviance","lambda","sigmaZ","t.occ.N[1]","tfore.mean"
"1",1.0354597244433,1.04172357129714,1.1056716387336,0.993187738298992,0.988965195156626
