"","deviance","lambda","sigmaZ","t.occ.N[1]","tfore.mean"
"1",1.12878224975999,1.03334768889551,1.24848873962319,1.05808316843632,1.04170761830435
