"","deviance","lambda","sigmaZ","t.occ.N[1]","tfore.mean"
"1",0.987232847996014,1.00356652654368,1.02473653478388,1.02918617069151,1.0096251267279
