"","deviance","lambda","sigmaZ","t.occ.N[1]","tfore.mean"
"1",1.04599896254093,1.00877857516378,1.01463842209276,1.06713614303478,0.996225808836362
