"","deviance","lambda","sigmaZ","t.occ.N[1]","tfore.mean"
"1",1.01555534087103,1.00160008115311,1.16600416446648,1.0098425239976,1.01490348640272
