"","deviance","lambda","sigmaZ","t.occ.N[1]","tfore.mean"
"1",1.03741488078852,1.02263202004878,1.07244495166742,0.988281290303593,1.00638142123499
