"","deviance","lambda","sigmaZ","t.occ.N[1]","tfore.mean"
"1",0.995041136555423,1.00359405903706,1.04766407468328,1.007761583021,1.02369113723385
