"","deviance","lambda","sigmaZ","t.occ.N[1]","tfore.mean"
"1",1.02078479359176,0.99467084727447,1.00085670493659,1.07974836710255,1.06413458685633
