"","deviance","lambda","sigmaZ","t.occ.N[1]","tfore.mean"
"1",1.12446930947703,1.00169339925686,1.31860219192246,0.986699219155861,1.03556461273105
