"","deviance","lambda","sigmaZ","t.occ.N[1]","tfore.mean"
"1",1.02635814374225,1.05684689828027,1.00421548718389,1.03711325748905,1.02151652810452
