"","deviance","lambda","sigmaZ","t.occ.N[1]","tfore.mean"
"1",1.0473969057067,1.01198468572994,1.08391344209164,1.0258378046406,1.01836020954184
