"","deviance","lambda","sigmaZ","t.occ.N[1]","tfore.mean"
"1",1.0164492652791,1.00781044786815,1.1431432831315,1.01222708368187,0.993704641143409
