"","deviance","lambda","sigmaZ","t.occ.N[1]","tfore.mean"
"1",1.04414263095133,1.01793900612175,1.0180790556648,1.1537462058428,0.991609095397906
