"","deviance","lambda","sigmaZ","t.occ.N[1]","tfore.mean"
"1",0.984438799612518,0.99050315191699,1.02040463477066,1.04677191333666,1.02907494932746
