"","deviance","lambda","sigmaZ","t.occ.N[1]","tfore.mean"
"1",1.1544518416494,1.01629296927134,1.00732124491102,1.01047164602446,1.00041102028142
