"","deviance","lambda","sigmaZ","t.occ.N[1]","tfore.mean"
"1",1.00146843805558,1.00007347013948,0.999603426993431,1.12367825209306,1.00872927430923
