"","deviance","lambda","sigmaZ","t.occ.N[1]","tfore.mean"
"1",1.1406980865401,1.0267426303697,1.15467749561364,1.03696205876086,1.00841214224866
