"","deviance","lambda","sigmaZ","t.occ.N[1]","tfore.mean"
"1",1.05041478051555,1.04065802840872,1.00374685969749,1.01552223360538,0.99627728618396
