"","deviance","lambda","sigmaZ","t.occ.N[1]","tfore.mean"
"1",1.11421123391317,1.02864712316129,1.07917099618538,1.00780060137847,1.00156462714741
