"","deviance","lambda","sigmaZ","t.occ.N[1]","tfore.mean"
"1",1.06436759720081,1.03603764810186,1.0962945445728,0.995246860743869,0.991524149926625
