"","deviance","lambda","sigmaZ","t.occ.N[1]","tfore.mean"
"1",1.02118330358822,1.02013896139624,1.03391000428515,1.05516404582995,1.01700260791846
