"","deviance","lambda","sigmaZ","t.occ.N[1]","tfore.mean"
"1",1.00716183430064,1.00191075442444,0.995061472513917,1.02382080733674,0.988443650201698
