"","deviance","lambda","sigmaZ","t.occ.N[1]","tfore.mean"
"1",1.022451693418,1.0227112043904,1.09275621116461,1.1283865863709,1.02306012099078
