"","deviance","lambda","sigmaZ","t.occ.N[1]","tfore.mean"
"1",1.02796933604151,0.985502474056265,1.05408305185022,0.990725190233358,1.03193867586083
