"","deviance","lambda","sigmaZ","t.occ.N[1]","tfore.mean"
"1",1.04536930326206,1.01742088286543,1.03831753749395,1.0671737027851,1.01904880786531
