"","deviance","lambda","sigmaZ","t.occ.N[1]","tfore.mean"
"1",0.999596856743761,1.00404779622247,1.03136143295496,1.01381583639103,0.996959643285915
