"","deviance","lambda","sigmaZ","t.occ.N[1]","tfore.mean"
"1",1.00404841086763,1.00767134574967,1.027287933746,0.984925273637246,0.998914919275848
