"","deviance","lambda","sigmaZ","t.occ.N[1]","tfore.mean"
"1",1.0065202422929,1.00273465846706,0.992179621131687,1.0614195805124,0.998055858722331
