"","deviance","lambda","sigmaZ","t.occ.N[1]","tfore.mean"
"1",1.0116634555649,1.00860661419452,1.10863203267521,1.00939411417702,1.01565381671457
