"","deviance","lambda","sigmaZ","t.occ.N[1]","tfore.mean"
"1",1.07197758810576,1.03200651292254,1.00355597274982,1.11717950599053,1.01236767462288
