"","deviance","lambda","sigmaZ","t.occ.N[1]","tfore.mean"
"1",1.00652555963993,1.03982903090738,0.998806440374729,1.02614497824796,0.989088363684496
