"","deviance","lambda","sigmaZ","t.occ.N[1]","tfore.mean"
"1",1.06229310733389,1.04529654918731,0.99472424391535,1.04323933334949,1.00048157062138
