"","deviance","lambda","sigmaZ","t.occ.N[1]","tfore.mean"
"1",0.997302973023914,1.01420663271353,1.06342503821912,1.06568984918973,1.03255407313588
