"","deviance","lambda","sigmaZ","t.occ.N[1]","tfore.mean"
"1",1.00585866651224,1.03743913466187,1.16096882244954,1.05021659639348,1.01493232183487
