"","deviance","lambda","sigmaZ","t.occ.N[1]","tfore.mean"
"1",0.985297313390598,0.988830788853189,1.00436763518112,1.04388130227193,1.02805077286356
