"","deviance","lambda","sigmaZ","t.occ.N[1]","tfore.mean"
"1",1.07143162839843,0.99993151913696,1.08711106613119,1.11116662308824,0.989196693207069
