"","deviance","lambda","sigmaZ","t.occ.N[1]","tfore.mean"
"1",0.995137555400251,0.999116212562596,1.03935001548679,1.12287011079954,1.03106455392168
