"","deviance","lambda","sigmaZ","t.occ.N[1]","tfore.mean"
"1",1.00234263619587,0.991186860403412,1.00534983202885,1.01920532043375,1.0127142168536
