"","deviance","lambda","sigmaZ","t.occ.N[1]","tfore.mean"
"1",1.06638800837013,0.992085074933813,1.29888391693842,1.02087243578045,0.992255004980082
