"","deviance","lambda","sigmaZ","t.occ.N[1]","tfore.mean"
"1",1.04592551826111,1.01788515165685,1.00261987942074,1.00690852192622,1.00211428311573
