"","deviance","lambda","sigmaZ","t.occ.N[1]","tfore.mean"
"1",1.08066992222571,1.02490831136544,1.20661076006374,1.18247151552647,1.02282028685484
