"","deviance","lambda","sigmaZ","t.occ.N[1]","tfore.mean"
"1",1.01521269187905,0.99858328071897,1.017601263358,1.09253157006762,1.01090948968005
