"","deviance","lambda","sigmaZ","t.occ.N[1]","tfore.mean"
"1",1.10072588679853,1.0790136534181,1.03673861304806,1.00139329837428,1.02102937824762
