"","deviance","lambda","sigmaZ","t.occ.N[1]","tfore.mean"
"1",1.04051661662625,1.00287531494672,1.03464933486899,1.04655148322041,1.00319188896537
