"","deviance","lambda","sigmaZ","t.occ.N[1]","tfore.mean"
"1",1.00752993693492,0.986670221890161,1.0190743593008,1.05553265408015,1.00685421131949
