"","deviance","lambda","sigmaZ","t.occ.N[1]","tfore.mean"
"1",0.992676238666561,1.01822206504229,1.03093620758697,0.989638192186187,1.01304678495377
