"","deviance","lambda","sigmaZ","t.occ.N[1]","tfore.mean"
"1",1.01459020445719,0.997088286076422,1.01712194546549,1.01440236368598,1.05599283311939
