"","deviance","lambda","sigmaZ","t.occ.N[1]","tfore.mean"
"1",1.01159992727741,1.01144686543266,1.10125016638217,0.990580056204169,0.986860439030807
