"","deviance","lambda","sigmaZ","t.occ.N[1]","tfore.mean"
"1",1.04942520357606,1.03821714421767,1.02873905491725,1.0070666593728,1.02987435426097
