"","deviance","lambda","sigmaZ","t.occ.N[1]","tfore.mean"
"1",1.05260794870477,1.01243785947006,1.00571589078492,1.04460360243258,0.994378949622439
