"","deviance","lambda","sigmaZ","t.occ.N[1]","tfore.mean"
"1",1.00144069563552,1.0035622361313,1.16674105816623,1.04921788641531,1.03318591106017
