"","deviance","lambda","sigmaZ","t.occ.N[1]","tfore.mean"
"1",1.01727969042092,1.02608891690099,1.04740147293877,1.01830717386264,1.02983412446865
