"","deviance","lambda","sigmaZ","t.occ.N[1]","tfore.mean"
"1",0.997030055491897,1.02709098321429,1.03716962969986,0.991896671783233,1.0063333647076
