"","deviance","lambda","sigmaZ","t.occ.N[1]","tfore.mean"
"1",1.01164082050019,1.03129203034856,1.00894289327672,1.00685906477913,1.01412274424494
