"","deviance","lambda","sigmaZ","t.occ.N[1]","tfore.mean"
"1",1.04696033832001,1.00955217717359,1.03636223808961,1.03418771924438,0.98820800003128
