"","deviance","lambda","sigmaZ","t.occ.N[1]","tfore.mean"
"1",0.992594973101047,1.00186002199001,1.01297418820816,0.997854266865112,1.04939948240541
