"","deviance","lambda","sigmaZ","t.occ.N[1]","tfore.mean"
"1",1.0456769289015,1.05807740822647,1.04679212634147,1.04627325623782,1.06497939561501
