"","deviance","lambda","sigmaZ","t.occ.N[1]","tfore.mean"
"1",1.06433968777,0.998433275053003,1.13047720792205,0.999789042508182,1.01157278904155
