"","deviance","lambda","sigmaZ","t.occ.N[1]","tfore.mean"
"1",0.99112621940717,0.998576165683728,1.02369590423937,1.02508566995664,1.05148318190414
