"","deviance","lambda","sigmaZ","t.occ.N[1]","tfore.mean"
"1",1.01971907134992,1.01843104564699,1.03912252767532,1.01260639832653,1.0111580413325
