"","alpha","deviance","mu","sigmaY","sigmaZ","Y[1]","Z[1]"
"1",1.00762508881783,1.01139407110575,0.998494270499308,0.99778048838016,1.0172423446399,1.00355826682709,1.01263686853824
