"","alpha","deviance","mu","sigmaY","sigmaZ","Y[1]","Z[1]"
"1",1.00034545806008,1.00829558096849,0.998462516132916,1.13080198753375,1.05852867929893,1.01031891747273,1.01845715625937
