"","alpha","deviance","mu","sigmaY","sigmaZ","Y[1]","Z[1]"
"1",1.00817707222966,0.997979733692837,0.990069693662897,1.0909382094533,1.03918603767278,1.04794405148296,0.985244561416671
