"","alpha","deviance","mu","sigmaY","sigmaZ","Y[1]","Z[1]"
"1",1.0143807241719,1.00127831082173,0.996309313655779,1.0274098003206,1.03044183550615,1.08939301969618,1.01200829294576
