"","alpha","deviance","mu","sigmaY","sigmaZ","Y[1]","Z[1]"
"1",1.03326060999225,1.03158473020378,1.06228908362051,1.05845635591325,1.01569005189103,1.00204257206469,1.03263184703793
