"","alpha","deviance","mu","sigmaY","sigmaZ","Y[1]","Z[1]"
"1",0.991912487770937,1.08058244976204,1.02251152172722,1.02164230959323,1.0500106558039,0.995958954787071,1.05730556180721
