"","alpha","deviance","mu","sigmaY","sigmaZ","Y[1]","Z[1]"
"1",1.04477179247832,0.989311269229457,0.996319903788744,1.00090857095023,1.03220454845717,0.986134861852667,0.997765471318706
