"","alpha","deviance","mu","sigmaY","sigmaZ","Y[1]","Z[1]"
"1",1.00423065961198,0.992481226271347,1.06791849006522,1.00315094873155,1.05757316505052,1.05338343255106,1.02354950505585
