"","alpha","deviance","mu","sigmaY","sigmaZ","Y[1]","Z[1]"
"1",1.00559345689242,0.989397933636358,1.00295102765895,1.05261052649403,0.992222376603802,0.989865263753651,0.998174772091995
