"","alpha","deviance","mu","sigmaY","sigmaZ","Y[1]","Z[1]"
"1",0.988647559389665,1.01594782123793,0.99767892959488,1.01995989176323,1.2373307077417,1.05582604816402,1.12684114275102
