"","alpha","deviance","mu","sigmaY","sigmaZ","Y[1]","Z[1]"
"1",1.00421002190819,1.07814354902273,1.0061636704541,1.00910484321918,1.00491751045899,1.0019139294265,1.03975845886129
