"","alpha","deviance","mu","sigmaY","sigmaZ","Y[1]","Z[1]"
"1",1.01519558139982,1.00363881858894,1.0067202321959,1.00967334698408,1.00491929301753,0.998761928567115,1.02529634782168
