"","alpha","deviance","mu","sigmaY","sigmaZ","Y[1]","Z[1]"
"1",0.995474829576718,0.999659580026855,1.02970041258353,1.00695011820079,1.05005261380046,0.996194655112881,1.07886931042608
