"","alpha","deviance","mu","sigmaY","sigmaZ","Y[1]","Z[1]"
"1",0.995349540219031,0.988635020511565,1.04351443205814,0.986180385097243,1.00248988113486,1.01813336834995,1.00467881048469
