"","alpha","deviance","mu","sigmaY","sigmaZ","Y[1]","Z[1]"
"1",1.00900069348711,1.0015079614309,0.998330574914845,1.0038152447868,1.72356429098675,1.01004900759885,1.16735124940281
