"","alpha","deviance","mu","sigmaY","sigmaZ","Y[1]","Z[1]"
"1",1.0767000712777,1.01254169754332,1.01020210357918,1.02599807444008,1.18445968332431,0.99293136470537,1.05641577765922
