"","alpha","deviance","mu","sigmaY","sigmaZ","Y[1]","Z[1]"
"1",1.01701447137542,0.995010752556311,0.991801707897233,1.18513493274912,1.0205699612975,1.03377870274281,1.06336928969185
