"","alpha","deviance","mu","sigmaY","sigmaZ","Y[1]","Z[1]"
"1",1.00301412904579,1.00248423016516,1.00751889250423,1.03249087184246,1.02177853387909,1.01797623400163,1.02059152371938
