"","alpha","deviance","mu","sigmaY","sigmaZ","Y[1]","Z[1]"
"1",1.00376728012105,1.13259599447831,1.0186474287074,1.12484760170149,1.02623252004154,1.01696374148276,1.03163968739919
