"","alpha","deviance","mu","sigmaY","sigmaZ","Y[1]","Z[1]"
"1",1.01798843617513,1.06308910182993,1.01953523239457,0.990226275997508,1.11135451687399,1.04162332630743,1.04965448152261
