"","alpha","deviance","mu","sigmaY","sigmaZ","Y[1]","Z[1]"
"1",1.01266042399434,1.02456300358873,1.07952201656618,1.1787529636791,1.05813145656789,1.07366074472844,1.03039856102639
