"","alpha","deviance","mu","sigmaY","sigmaZ","Y[1]","Z[1]"
"1",1.0109262997716,1.04821352728269,1.01744032685021,1.03952384777849,0.997402940977218,0.992239151188356,1.07440702847271
