"","alpha","deviance","mu","sigmaY","sigmaZ","Y[1]","Z[1]"
"1",0.999632649555775,0.987032509249334,1.02135759828926,1.03248549386887,1.22969997669158,1.00776047817596,1.04749177883794
