"","alpha","deviance","mu","sigmaY","sigmaZ","Y[1]","Z[1]"
"1",0.989333255795563,0.999073189639355,0.996904039298014,1.0056561300881,1.04740998898797,0.993907955784841,1.01366571566257
