"","alpha","deviance","mu","sigmaY","sigmaZ","Y[1]","Z[1]"
"1",1.01245067152084,1.00870947599652,0.998413699630081,1.02394588500621,1.02020918508249,0.992132678018685,1.0201825504265
