"","alpha","deviance","mu","sigmaY","sigmaZ","Y[1]","Z[1]"
"1",1.00102853255019,1.03041380318371,1.07311448549333,0.985623583996186,1.02001807348652,1.02082758286539,0.997560439895174
