"","alpha","deviance","mu","sigmaY","sigmaZ","Y[1]","Z[1]"
"1",1.048036831203,1.02637454607006,1.026044742975,1.16752187369227,1.0176170530771,1.12100320897867,1.05399085731434
