"","alpha","deviance","mu","sigmaY","sigmaZ","Y[1]","Z[1]"
"1",1.03991202402909,0.991191148093564,1.04322837518471,1.01725821858049,1.01010153671505,0.98992600074914,1.06804288875758
