"","alpha","deviance","mu","sigmaY","sigmaZ","Y[1]","Z[1]"
"1",1.06036761588254,1.0191955248706,1.0245104943857,1.06005628038776,1.2116406228282,1.0112009678622,1.19072280341899
