"","alpha","deviance","mu","sigmaY","sigmaZ","Y[1]","Z[1]"
"1",1.02528716805999,1.04508043960221,1.01947369365864,1.07252007184885,1.13745485627427,1.03919792474939,1.07221355515946
