"","alpha","deviance","mu","sigmaY","sigmaZ","Y[1]","Z[1]"
"1",1.00909905596089,0.990485245601066,1.00636282739499,0.992155829833562,1.03391266452673,1.03953223087666,1.07008259279108
