"","alpha","deviance","mu","sigmaY","sigmaZ","Y[1]","Z[1]"
"1",0.994971413484367,1.09749362325782,1.23614102753686,0.991595686586471,1.14634919089445,1.02335975335024,1.14531121351944
