"","alpha","deviance","mu","sigmaY","sigmaZ","Y[1]","Z[1]"
"1",0.99488985757569,1.06875810058193,0.99097080522398,1.03926299245924,1.01046489852694,0.998521286164197,1.17148291659908
