"","alpha","deviance","mu","sigmaY","sigmaZ","Y[1]","Z[1]"
"1",1.0720554697389,1.06661345052917,1.03092330823043,0.994067066697954,1.00070389386618,1.03751633410599,1.03860222018172
