"","alpha","deviance","mu","sigmaY","sigmaZ","Y[1]","Z[1]"
"1",0.989229979124788,1.01173274987415,1.12296130385547,0.988652715532122,1.01825385386379,1.05022818597698,1.02016970031534
