"","alpha","deviance","mu","sigmaY","sigmaZ","Y[1]","Z[1]"
"1",1.00927321311663,1.03012263078857,0.99257061793311,1.35734203192841,1.03074819952442,1.09948794817734,1.0042814498647
