"","alpha","deviance","mu","sigmaY","sigmaZ","Y[1]","Z[1]"
"1",1.02985728884849,1.13536071369048,1.01739058135321,1.10823217861667,1.23161686327452,1.03333657015383,1.10306400648234
