"","alpha","deviance","mu","sigmaY","sigmaZ","Y[1]","Z[1]"
"1",0.999287703054481,0.993933467630662,1.02003842176911,1.08200553081951,1.01204640645948,1.05244814335741,1.0823392636926
