"","alpha","deviance","mu","sigmaY","sigmaZ","Y[1]","Z[1]"
"1",1.10011897957551,0.999006600465759,1.01709758485492,1.01043763374091,0.997665945816243,1.09648240995636,1.01865431629849
