"","alpha","deviance","mu","sigmaY","sigmaZ","Y[1]","Z[1]"
"1",1.00625384144695,0.991553135772952,0.988708877211237,0.993048185167149,1.20099477474743,1.07434292423139,1.05309836094353
