"","alpha","deviance","mu","sigmaY","sigmaZ","Y[1]","Z[1]"
"1",1.03495892072529,1.26971304434727,1.01690487165059,1.62913391432819,1.05033198248782,1.01629755678706,1.02015228852665
