"","alpha","deviance","mu","sigmaY","sigmaZ","Y[1]","Z[1]"
"1",1.04171673030318,1.02002218774969,1.04103942381903,1.01738731707606,1.13596659068634,1.00843983334348,1.0171540726765
