"","alpha","deviance","mu","sigmaY","sigmaZ","Y[1]","Z[1]"
"1",1.01337714290648,1.02667785689015,1.01203067639779,0.995216111756841,1.55319955469659,1.13883899609077,1.11168175713429
