"","alpha","deviance","mu","sigmaY","sigmaZ","Y[1]","Z[1]"
"1",0.988068945822494,1.0359226626105,1.03252329435567,1.1949404427932,1.10483286144826,1.14058345077294,1.05707414062035
