"","alpha","deviance","mu","sigmaY","sigmaZ","Y[1]","Z[1]"
"1",0.997307147129113,1.19263788499757,1.00733813866694,1.37029869990221,1.09092834246464,1.05904607598413,1.03435674926673
