"","alpha","deviance","mu","sigmaY","sigmaZ","Y[1]","Z[1]"
"1",1.00455515379551,1.02943703711944,0.985882284913705,1.09462303863719,1.00752716870067,1.09382133632489,0.988516689471993
