"","alpha","deviance","mu","sigmaY","sigmaZ","Y[1]","Z[1]"
"1",0.994569574464727,1.00276256641735,1.01014648028703,0.990508691156942,1.01347643534067,0.99350570842692,1.05857817958848
