"","alpha","deviance","mu","sigmaY","sigmaZ","Y[1]","Z[1]"
"1",0.996288169366194,1.10478020245932,0.984344244700758,1.02111573199374,1.31728347248219,1.07960360911781,1.0642225910236
