"","alpha","deviance","mu","sigmaY","sigmaZ","Y[1]","Z[1]"
"1",1.01177781639462,1.00687733329983,1.00262499181135,1.27990147201595,1.10392893209088,1.05485254774845,1.04685148764328
