"","alpha","deviance","mu","sigmaY","sigmaZ","Y[1]","Z[1]"
"1",0.997103469037666,1.00141078350496,1.0427692497517,0.984756454311945,1.12534141913417,1.00826755843755,1.07500678316207
