"","alpha","deviance","mu","sigmaY","sigmaZ","Y[1]","Z[1]"
"1",1.00675941327219,1.01366377153689,1.00389286037873,0.99326565844377,1.03266770848572,1.0884131992223,1.04079943201946
