"","alpha","deviance","mu","sigmaY","sigmaZ","Y[1]","Z[1]"
"1",1.20207491773767,1.77736152655996,1.87252810923573,1.25198841991511,1.76977772317833,1.12584945828418,1.25351825405288
