"","alpha","deviance","mu","sigmaY","sigmaZ","Y[1]","Z[1]"
"1",1.00945436200173,1.01602873574372,1.00391519888903,1.12318574433685,0.993275049942397,1.00801658023804,1.01387186397084
