"","alpha","deviance","mu","sigmaY","sigmaZ","Y[1]","Z[1]"
"1",1.05386156732937,0.991139434164219,1.0117071325567,0.99270282717022,0.993944338408198,1.03899896439323,1.00143504686171
