"","alpha","deviance","mu","sigmaY","sigmaZ","Y[1]","Z[1]"
"1",1.06262604042936,1.03027971045528,1.04966714101395,1.00340077903027,1.06353480109277,1.03707360975779,0.998984756687493
