"","alpha","deviance","mu","sigmaY","sigmaZ","Y[1]","Z[1]"
"1",1.02264440356411,1.06254546708548,1.28483407520515,1.11167270170035,1.40156176317566,1.09269221398216,1.10724588438102
