"","alpha","deviance","mu","sigmaY","sigmaZ","Y[1]","Z[1]"
"1",0.999856049891292,0.999468548636078,0.997920597966947,1.04854960805332,1.00250046917436,1.07801056011361,0.994341757841818
