"","alpha","deviance","mu","sigmaY","sigmaZ","Y[1]","Z[1]"
"1",1.01996945873767,1.05316573382676,1.02559633269808,1.08111277267763,1.10039410260237,1.05421326642638,1.00539177357515
