"","alpha","deviance","mu","sigmaY","sigmaZ","Y[1]","Z[1]"
"1",0.988948516946416,1.01893345931289,1.00036418077929,1.01986070862617,0.996310135098298,1.03413533864144,1.07309571168255
