"","alpha","deviance","mu","sigmaY","sigmaZ","Y[1]","Z[1]"
"1",0.997525179851457,1.00129338536066,0.998439153652215,1.07538117588449,1.02151131872273,1.0722390942415,1.01466664395963
