"","alpha","deviance","mu","sigmaY","sigmaZ","Y[1]","Z[1]"
"1",1.04564695237546,1.01811428938456,1.06740360366827,1.0147491313453,1.07412681621798,1.04978968829107,1.09285870964683
