"","alpha","deviance","mu","sigmaY","sigmaZ","Y[1]","Z[1]"
"1",1.00212042672392,1.00736302454903,1.0164999133418,0.992886331000731,1.04181015714906,0.990053962417462,1.09037367965566
