"","alpha","deviance","mu","sigmaY","sigmaZ","Y[1]","Z[1]"
"1",0.990505469813553,0.993717852177999,1.00394563429909,1.0206358695739,1.05491019493759,1.03167699933388,1.00370446062763
