"","alpha","deviance","mu","sigmaY","sigmaZ","Y[1]","Z[1]"
"1",1.0094390471078,1.0309479909584,1.01873806472447,1.57663227351967,1.02887837554446,1.10269081656805,1.02949317272085
