"","alpha","deviance","mu","sigmaY","sigmaZ","Y[1]","Z[1]"
"1",1.08290275979682,1.01400572467206,1.02723164913817,1.12779371736748,1.01818079805071,1.06732508634422,1.10725467899041
