"","alpha","deviance","mu","sigmaY","sigmaZ","Y[1]","Z[1]"
"1",0.991889985697697,1.02479361810467,1.08383253898255,1.02012144645137,1.08985799924559,1.0459153589818,1.04929379033746
