"","alpha","deviance","mu","sigmaY","sigmaZ","Y[1]","Z[1]"
"1",1.0122559015051,0.994587736395291,1.01741375131951,1.00514537877474,1.11840253711792,1.03001828865059,1.11698466723134
