"","alpha","deviance","mu","sigmaY","sigmaZ","Y[1]","Z[1]"
"1",1.03747630242162,1.03390890727844,0.995022789897734,1.13938711168115,1.10619853715935,1.09031648153641,1.01935449231427
