"","alpha","deviance","mu","sigmaY","sigmaZ","Y[1]","Z[1]"
"1",1.01365565022248,1.02867034396168,1.00476091118396,1.09472116000807,1.0274859867161,1.10203095237183,1.02536372950062
