"","alpha","deviance","mu","sigmaY","sigmaZ","Y[1]","Z[1]"
"1",1.00650576257931,1.0356092534981,0.989962506138006,0.998460665192292,1.18788539499738,1.05902699393042,0.991440310512983
