"","alpha","deviance","mu","sigmaY","sigmaZ","Y[1]","Z[1]"
"1",0.999254995377859,1.00663125284228,1.02088619011518,1.01064729964858,1.19266601020958,1.04625471358886,1.0452217051024
