"","alpha","deviance","mu","sigmaY","sigmaZ","Y[1]","Z[1]"
"1",1.01838694521381,0.995661276015477,0.991567431665325,0.984220092513941,1.04593509443673,0.991388690862697,1.0324463126262
