"","alpha","deviance","mu","sigmaY","sigmaZ","Y[1]","Z[1]"
"1",1.11472478086097,1.02213499912412,1.03265551686836,1.03437663467971,1.10439882461937,0.997056361066442,1.00106437619294
