"","alpha","deviance","mu","sigmaY","sigmaZ","Y[1]","Z[1]"
"1",1.02114582085655,1.00828751594084,1.07406132409059,0.990189072390547,1.10768397583414,1.01281299370392,1.01789871143447
