"","alpha","deviance","mu","sigmaY","sigmaZ","Y[1]","Z[1]"
"1",1.10866772055881,1.05438066244321,1.11823066283171,1.04985634238715,1.086971374154,1.01867903024347,1.08330948153614
