"","alpha","deviance","mu","sigmaY","sigmaZ","Y[1]","Z[1]"
"1",1.49336903377861,1.9269506946917,2.64597792620056,1.05925555909838,2.96260986778415,1.01584401259582,1.53034802499471
