"","alpha","deviance","mu","sigmaY","sigmaZ","Y[1]","Z[1]"
"1",1.03051410131761,0.984119958615869,0.98843666274331,1.09613528221015,1.01385202357528,0.996913286328417,1.02764028598858
