"","alpha","deviance","mu","sigmaY","sigmaZ","Y[1]","Z[1]"
"1",1.00112827218673,1.02024155724027,1.02920145268998,0.995799474850493,1.01292388253372,1.05151567577286,1.03736512804801
