"","alpha","deviance","mu","sigmaY","sigmaZ","Y[1]","Z[1]"
"1",1.02673493691021,1.04897968885143,1.03006933473063,1.26535409476581,1.55369028015697,1.08333163227515,1.33303441780417
