"","alpha","deviance","mu","sigmaY","sigmaZ","Y[1]","Z[1]"
"1",1.01089141628808,1.00131826640462,1.05154746165651,1.01458484287242,1.03542883421704,1.00225547207968,1.00675461871675
