"","alpha","deviance","mu","sigmaY","sigmaZ","Y[1]","Z[1]"
"1",0.98753270188939,1.01278771266537,1.07159601412171,0.993104055544979,1.06955188845401,1.00301326024307,1.0587404692445
