"","alpha","deviance","mu","sigmaY","sigmaZ","Y[1]","Z[1]"
"1",1.03543905974233,0.993362922846204,0.995961567117011,1.00784144033121,1.29713890100359,1.00234451727378,1.16483748729234
