"","alpha","deviance","mu","sigmaY","sigmaZ","Y[1]","Z[1]"
"1",1.00615056023588,1.04076307734857,1.02932343757599,1.09117995290032,1.03606939502405,1.01376941240082,0.99585670482255
