"","alpha","deviance","mu","sigmaY","sigmaZ","Y[1]","Z[1]"
"1",1.04375050483635,1.00957454933883,1.04227809456553,0.987769310828161,1.03100345278922,1.01213192414673,0.98840523329423
