"","alpha","deviance","mu","sigmaY","sigmaZ","Y[1]","Z[1]"
"1",1.00252153007129,1.00123316090946,1.00492641746392,1.00327148099615,0.994747818741932,1.02740786713487,1.06058759224217
