"","alpha","deviance","mu","sigmaY","sigmaZ","Y[1]","Z[1]"
"1",1.07872216730969,1.01900422000498,1.00600220657358,1.01956098342758,1.14114959191463,1.0609456734907,1.06975438832916
