"","alpha","deviance","mu","sigmaY","sigmaZ","Y[1]","Z[1]"
"1",0.997834643283052,1.00460406944213,1.00972672954963,1.00612043528804,1.2573527287182,1.03368940336548,1.09208984039025
