"","alpha","deviance","mu","sigmaY","sigmaZ","Y[1]","Z[1]"
"1",1.05910549229956,1.00695956401864,1.00984141169197,1.02317966696721,0.995073285971351,1.01359136238964,0.992710159783468
