"","alpha","deviance","mu","sigmaY","sigmaZ","Y[1]","Z[1]"
"1",1.07195654542791,1.06048526859232,1.09968119378348,1.02233875285776,1.09710951067324,1.02340565358964,1.02610158338922
