"","alpha","deviance","mu","sigmaY","sigmaZ","Y[1]","Z[1]"
"1",1.0485371046882,1.01987122490888,0.997480239094684,0.990453907126463,0.992141100280972,1.02722884947414,0.99285525351085
