"","alpha","deviance","mu","sigmaY","sigmaZ","Y[1]","Z[1]"
"1",1.02753883739693,1.00305689203996,1.01636506597451,0.992332589322584,0.9990380959815,1.01171203742198,1.04352246523673
