"","alpha","deviance","mu","sigmaY","sigmaZ","Y[1]","Z[1]"
"1",1.02169901306526,0.995207173055101,1.06867248119058,1.03854377259017,1.01781924417174,1.00907030891276,1.09948908438654
