"","alpha","deviance","mu","sigmaY","sigmaZ","Y[1]","Z[1]"
"1",1.30515739214947,1.26933911925229,1.9238621938688,1.27210122647452,2.03238754651885,1.07922158151493,1.3039124936576
