"","deviance","lambda","sigmaZ","t.occ.N[1]","tfore.mean"
"1",1.00376413132706,1.05242894271842,1.24580960941116,1.08398658295561,1.03735374661228
