"","deviance","lambda","sigmaZ","t.occ.N[1]","tfore.mean"
"1",1.24578251807079,1.01284673442084,1.60707947272164,1.0243305456092,1.02805338222828
