"","deviance","lambda","sigmaZ","t.occ.N[1]","tfore.mean"
"1",1.11525905741061,0.997752016803318,1.1502563639199,1.01884978374889,1.0476046835221
