"","deviance","lambda","sigmaZ","t.occ.N[1]","tfore.mean"
"1",1.00538498529645,1.04015454760495,1.00916775822878,1.08943544192744,1.01512590700724
