"","deviance","lambda","sigmaZ","t.occ.N[1]","tfore.mean"
"1",1.14640883456683,1.03108809355165,1.16338490484636,1.02445807547116,1.02716374954904
