"","deviance","lambda","sigmaZ","t.occ.N[1]","tfore.mean"
"1",1.05833139982802,1.01370540208965,1.05446173800261,1.06593683660604,0.999860971358109
