"","deviance","lambda","sigmaZ","t.occ.N[1]","tfore.mean"
"1",1.04693558839351,1.00162331826291,1.03565511081519,1.04264048822034,0.99669653339461
