"","deviance","lambda","sigmaZ","t.occ.N[1]","tfore.mean"
"1",1.028628385548,1.06206224573162,1.25826046326867,1.06318166474598,1.09521493787854
