"","deviance","lambda","sigmaZ","t.occ.N[1]","tfore.mean"
"1",1.02361125700787,1.03077178519624,1.09054290235787,1.00734825258432,1.05953684455251
