"","deviance","lambda","sigmaZ","t.occ.N[1]","tfore.mean"
"1",1.06157306992638,1.01512237711082,1.06832440175147,1.01877734583616,1.0124307205079
