"","deviance","lambda","sigmaZ","t.occ.N[1]","tfore.mean"
"1",1.01946872309272,1.02683747532596,1.0164032807866,1.02441021536625,0.998286478814183
