"","deviance","lambda","sigmaZ","t.occ.N[1]","tfore.mean"
"1",1.03636666797806,1.11433855640573,0.998972396360138,1.03777359289941,1.08663195077322
