"","deviance","lambda","sigmaZ","t.occ.N[1]","tfore.mean"
"1",1.06182178672795,1.01416397704619,1.09787255359836,1.13816469584841,1.00185683686327
