"","deviance","lambda","sigmaZ","t.occ.N[1]","tfore.mean"
"1",1.07428415337625,1.02126694381466,0.990408311661465,1.09502305166583,1.0050340716477
