"","deviance","lambda","sigmaZ","t.occ.N[1]","tfore.mean"
"1",1.01399980533348,1.00779377134657,1.05318152480389,1.01323553937296,1.08098083616595
