"","deviance","lambda","sigmaZ","t.occ.N[1]","tfore.mean"
"1",1.01212473856336,0.998114774823028,0.985744238620506,1.05060980273216,1.0073029504617
