"","deviance","lambda","sigmaZ","t.occ.N[1]","tfore.mean"
"1",1.00879092012337,0.987231541391124,1.28534862387079,0.996320123297527,1.04390873557685
