"","deviance","lambda","sigmaZ","t.occ.N[1]","tfore.mean"
"1",1.0239392064666,1.02238662425852,1.14822416799756,1.08289467346281,1.06584552355815
