"","deviance","lambda","sigmaZ","t.occ.N[1]","tfore.mean"
"1",1.23224892863321,1.00178271211322,1.49427022746995,1.00593601461995,1.01972007880916
