"","deviance","lambda","sigmaZ","t.occ.N[1]","tfore.mean"
"1",1.03136830509989,0.993924565893139,1.12570009031639,1.04345841717493,0.990863896300022
