"","deviance","lambda","sigmaZ","t.occ.N[1]","tfore.mean"
"1",1.04599093997784,0.995528513567537,1.03338736398878,1.00838685372782,1.00714728899704
