"","deviance","lambda","sigmaZ","t.occ.N[1]","tfore.mean"
"1",1.00611676635863,1.03918470545596,1.03574862762854,1.05573264832076,1.00912991532295
