"","deviance","lambda","sigmaZ","t.occ.N[1]","tfore.mean"
"1",1.00171433839302,1.01692728840755,1.05332284034268,1.04650039007267,1.00603570534872
