"","deviance","lambda","sigmaZ","t.occ.N[1]","tfore.mean"
"1",1.00406861737085,1.00090757334409,1.01375966956366,1.04731678097227,0.99954597571722
