"","deviance","lambda","sigmaZ","t.occ.N[1]","tfore.mean"
"1",0.995323368256714,0.996099672222326,1.01853600719577,1.05120462794747,1.03817200805167
