"","deviance","lambda","sigmaZ","t.occ.N[1]","tfore.mean"
"1",1.09070706220051,1.05454137638211,0.997070923305935,0.987078484130289,0.998750921570572
