"","deviance","lambda","sigmaZ","t.occ.N[1]","tfore.mean"
"1",1.18133556203192,1.0164940579549,1.22887214337335,1.0283075918143,1.02543932977214
