"","deviance","lambda","sigmaZ","t.occ.N[1]","tfore.mean"
"1",1.01670748328754,1.02910766848156,1.00467551477529,1.03083132977244,1.10394316680422
