"","deviance","lambda","sigmaZ","t.occ.N[1]","tfore.mean"
"1",1.02500342360712,0.991490733542213,1.04547739201815,1.0108605732595,1.01679425545664
