"","deviance","lambda","sigmaZ","t.occ.N[1]","tfore.mean"
"1",1.03514343523544,0.992923656118647,1.00044753674109,1.03674703651729,1.03738530292171
