"","deviance","lambda","sigmaZ","t.occ.N[1]","tfore.mean"
"1",1.05855604782167,0.991898557882396,1.06570037669337,1.08914821833994,1.00645591633171
