"","deviance","lambda","sigmaZ","t.occ.N[1]","tfore.mean"
"1",1.17575990016609,0.992236734112832,1.4923571066807,1.0324000736639,1.01552808396796
