"","deviance","lambda","sigmaZ","t.occ.N[1]","tfore.mean"
"1",1.12342888266868,0.991834645578173,1.12876714711011,1.00824231024339,1.00267828910281
