"","deviance","lambda","sigmaZ","t.occ.N[1]","tfore.mean"
"1",0.98625159729054,0.989641912685878,1.00862627079924,1.00601317416871,1.03299705468435
