"","deviance","lambda","sigmaZ","t.occ.N[1]","tfore.mean"
"1",1.02130864012236,1.00547315912712,1.07130288897993,1.00107966286982,0.988989338160726
