"","deviance","lambda","sigmaZ","t.occ.N[1]","tfore.mean"
"1",1.0773173810597,1.0081903287604,1.27565366534964,1.14448712901687,1.01010144873577
