"","deviance","lambda","sigmaZ","t.occ.N[1]","tfore.mean"
"1",1.1713940343093,1.05295398571503,1.12629540215926,1.00665792709665,1.02735413451464
