"","deviance","lambda","sigmaZ","t.occ.N[1]","tfore.mean"
"1",1.03433238328623,1.04999925276078,0.987367993963248,1.05494283722057,1.00762993508795
