"","deviance","lambda","sigmaZ","t.occ.N[1]","tfore.mean"
"1",1.00915277302595,1.04463102979504,1.02732938624144,1.01219730471995,0.995491485270473
