"","deviance","lambda","sigmaZ","t.occ.N[1]","tfore.mean"
"1",1.10858323273645,1.02730458638308,1.13029144542893,1.0003900698932,0.995002055671351
