"","deviance","lambda","sigmaZ","t.occ.N[1]","tfore.mean"
"1",1.0564468634945,0.999072919627189,1.08328642437899,1.01443840811676,0.998639666426245
