"","deviance","lambda","sigmaZ","t.occ.N[1]","tfore.mean"
"1",1.09247483589823,1.00047357468778,1.06266644123111,1.01042033137465,1.0090205301793
