"","deviance","lambda","sigmaZ","t.occ.N[1]","tfore.mean"
"1",1.07970266400435,0.993860957192615,1.04603106250036,1.00454825169438,0.99403123102906
