"","deviance","lambda","sigmaZ","t.occ.N[1]","tfore.mean"
"1",1.04742364679927,0.992106565699136,1.05202940551912,1.01236893043117,0.990539903848952
