"","deviance","lambda","sigmaZ","t.occ.N[1]","tfore.mean"
"1",1.01536452477233,0.996300053626522,1.02235451587019,1.25512591685002,1.02798868606641
