"","deviance","lambda","sigmaZ","t.occ.N[1]","tfore.mean"
"1",1.16911935386033,1.01445579865073,1.31033600331917,0.998229965174273,0.994246244607345
