"","deviance","lambda","sigmaZ","t.occ.N[1]","tfore.mean"
"1",1.12786271327112,1.03157672721395,1.10702106609514,1.19609668768415,0.993307046613617
