"","deviance","lambda","sigmaZ","t.occ.N[1]","tfore.mean"
"1",1.02457776574062,1.02234051790171,1.00308657635311,1.00262745438717,1.01501152236344
