"","deviance","lambda","sigmaZ","t.occ.N[1]","tfore.mean"
"1",1.06492302600176,1.03000548005269,1.0072931670938,1.05759318198373,1.0328501512564
