"","deviance","lambda","sigmaZ","t.occ.N[1]","tfore.mean"
"1",1.04831758926287,1.04007291251878,1.02357106952381,1.02664099784162,1.11377017141373
