"","deviance","lambda","sigmaZ","t.occ.N[1]","tfore.mean"
"1",0.991875885213373,0.987726499533538,1.01774100185932,1.05149777912132,1.01462790503082
