"","deviance","lambda","sigmaZ","t.occ.N[1]","tfore.mean"
"1",1.06353181588085,1.01019172333765,1.08498848426782,1.04410388743037,1.01327020720141
