"","deviance","lambda","sigmaZ","t.occ.N[1]","tfore.mean"
"1",1.03573716174541,1.00737537768608,0.98975930902592,0.984887665614028,1.00851204942912
