"","deviance","lambda","sigmaZ","t.occ.N[1]","tfore.mean"
"1",1.07098032989974,1.04198034918812,1.01563506187046,1.05592691843006,0.998431013686366
