"","deviance","lambda","sigmaZ","t.occ.N[1]","tfore.mean"
"1",0.986035237510722,0.989464042029072,1.05465055572392,0.984249998570946,1.02036406296468
