"","deviance","lambda","sigmaZ","t.occ.N[1]","tfore.mean"
"1",1.01189089245458,1.01429941749448,1.00868729465581,0.999953894796792,1.00405104673282
