"","deviance","lambda","sigmaZ","t.occ.N[1]","tfore.mean"
"1",1.03626979328829,0.992542254452815,1.02158827001036,1.04289188624354,1.03060109422482
