"","deviance","lambda","sigmaZ","t.occ.N[1]","tfore.mean"
"1",1.08030764615297,1.0080676912128,1.16621709931295,0.988593479796639,1.02661734896559
