"","deviance","lambda","sigmaZ","t.occ.N[1]","tfore.mean"
"1",0.993148065249842,1.00565979891459,0.989200861268295,0.994109537824057,1.03061664713957
