"","deviance","lambda","sigmaZ","t.occ.N[1]","tfore.mean"
"1",1.00976030337949,0.998897374078071,1.03091094052323,1.0189724363274,1.08407579131459
