"","deviance","lambda","sigmaZ","t.occ.N[1]","tfore.mean"
"1",1.12932509615384,0.988037532746241,1.05416905661816,1.0097151728807,1.04594438081791
