"","deviance","lambda","sigmaZ","t.occ.N[1]","tfore.mean"
"1",1.07751217477217,1.02910278799083,1.07478486800968,1.06320955739496,1.04994699023979
