"","deviance","lambda","sigmaZ","t.occ.N[1]","tfore.mean"
"1",1.00534083377772,1.01967674667435,0.988256503300823,1.08264048438008,1.03502239972856
