"","deviance","lambda","sigmaZ","t.occ.N[1]","tfore.mean"
"1",1.00569055274585,1.00585949362066,1.03484040588835,1.12002263424116,1.05608757627075
