"","deviance","lambda","sigmaZ","t.occ.N[1]","tfore.mean"
"1",1.11417127732034,1.01762880716836,1.33596566607615,1.00186901970976,0.991882637286987
