"","deviance","lambda","sigmaZ","t.occ.N[1]","tfore.mean"
"1",1.18575852236002,1.01124108806788,1.15106425572605,1.00711811389885,1.00100346486932
