"","deviance","lambda","sigmaZ","t.occ.N[1]","tfore.mean"
"1",1.00728829043434,1.00098753699274,1.0855909798478,1.044801402226,1.05821534966033
