"","deviance","lambda","sigmaZ","t.occ.N[1]","tfore.mean"
"1",1.03933456084317,1.01472620595039,1.01675646799435,1.04463163599365,1.0268516052843
