"","deviance","lambda","sigmaZ","t.occ.N[1]","tfore.mean"
"1",1.10682225706519,1.05244172768771,1.04935681925614,1.00246149157876,1.01000396988045
