"","deviance","lambda","sigmaZ","t.occ.N[1]","tfore.mean"
"1",1.04293039432171,1.04408644424763,0.992342257026421,1.09474161811622,0.998032251492114
