"","deviance","lambda","sigmaZ","t.occ.N[1]","tfore.mean"
"1",1.04236558876499,0.989829334728543,1.13028110561085,1.05076981873812,0.988671061303516
