"","deviance","lambda","sigmaZ","t.occ.N[1]","tfore.mean"
"1",1.14777003918555,1.01805211921179,1.21774491077197,1.03763236423595,0.997324248496053
