"","deviance","lambda","sigmaZ","t.occ.N[1]","tfore.mean"
"1",1.0287231798866,0.991994183900414,1.00719185031277,1.02705163420493,1.00296502059435
