"","deviance","lambda","sigmaZ","t.occ.N[1]","tfore.mean"
"1",1.02387792470262,0.991378721855567,1.02447430905847,0.997611185707131,1.00068726717861
