"","deviance","lambda","sigmaZ","t.occ.N[1]","tfore.mean"
"1",1.32246244956108,0.988584223392447,1.62478114126424,1.00258014436629,1.02013031422058
