"","deviance","lambda","sigmaZ","t.occ.N[1]","tfore.mean"
"1",1.03262162073072,0.998645670126834,1.08717860913844,1.00928317203549,1.01598236983027
