"","deviance","lambda","sigmaZ","t.occ.N[1]","tfore.mean"
"1",0.986989470663262,1.00024642033307,1.00353251127655,1.16026395076248,1.00416422051857
