"","deviance","lambda","sigmaZ","t.occ.N[1]","tfore.mean"
"1",1.03576496394692,1.01482128899859,1.04448339532613,1.02975367352564,1.00708064088087
