"","deviance","lambda","sigmaZ","t.occ.N[1]","tfore.mean"
"1",1.00801560514897,0.99515724053097,1.0591687928377,1.04207048540537,1.00659741670239
