"","deviance","lambda","sigmaZ","t.occ.N[1]","tfore.mean"
"1",1.02515866903387,1.00780523931158,1.10008074662114,1.04003171040226,1.03899129320626
