"","deviance","lambda","sigmaZ","t.occ.N[1]","tfore.mean"
"1",1.00908860244593,0.994719548833436,1.00677592638752,1.07549399645048,1.00485819750754
