"","deviance","lambda","sigmaZ","t.occ.N[1]","tfore.mean"
"1",1.0605112733792,1.0255267025186,1.01562787007697,1.02054940576714,1.00554912176431
