"","deviance","lambda","sigmaZ","t.occ.N[1]","tfore.mean"
"1",0.996699370440608,1.00601208194082,1.01465322754327,1.01302469083681,1.01821418439397
