"","deviance","lambda","sigmaZ","t.occ.N[1]","tfore.mean"
"1",1.0831385189947,1.00961892641275,1.1100424903871,1.01371648831378,1.01668062465893
