"","deviance","lambda","sigmaZ","t.occ.N[1]","tfore.mean"
"1",1.04704824155083,1.01070079757653,1.1727032320205,1.07256449852889,0.99291316311497
