"","deviance","lambda","sigmaZ","t.occ.N[1]","tfore.mean"
"1",1.01927532733029,1.05252046807808,1.04145005280389,1.04636636987575,1.04430855904831
