"","deviance","lambda","sigmaZ","t.occ.N[1]","tfore.mean"
"1",1.04182468684109,0.98873062737898,1.03667549692344,1.03229679017456,0.998140550476795
