"","deviance","lambda","sigmaZ","t.occ.N[1]","tfore.mean"
"1",1.06693856189139,1.09588888365747,1.00516368084643,1.08381321825517,0.998065310475502
