"","deviance","lambda","sigmaZ","t.occ.N[1]","tfore.mean"
"1",1.02152725478336,0.999381672842031,1.05642235334278,1.02163618811047,1.03872813067021
