"","deviance","lambda","sigmaZ","t.occ.N[1]","tfore.mean"
"1",0.989272465157852,0.999907145172856,1.02595384562031,1.05343187490454,0.98864279975835
