"","deviance","lambda","sigmaZ","t.occ.N[1]","tfore.mean"
"1",1.02675715837159,1.03575390262544,0.998407236242541,1.01644777894854,0.992365995340547
