"","deviance","lambda","sigmaZ","t.occ.N[1]","tfore.mean"
"1",0.987914209630496,1.03202130735489,1.05836408902713,0.988679300732855,1.03258944433594
