"","deviance","lambda","sigmaZ","t.occ.N[1]","tfore.mean"
"1",1.04630557841065,1.0062432775522,1.02521353052271,1.01158610650145,1.00072099591296
