"","deviance","lambda","sigmaZ","t.occ.N[1]","tfore.mean"
"1",1.03081904177608,1.0124550293431,1.03777770663891,1.10154388476839,1.00589898780901
