"","alpha","deviance","mu","sigmaY","sigmaZ","Y[1]","Z[1]"
"1",1.00026873565895,1.00036892042792,1.00034477393296,1.00030838256257,0.999927836531167,1.00021162233279,1.00025138001778
