"","alpha","deviance","mu","sigmaY","sigmaZ","Y[1]","Z[1]"
"1",1.00099638815763,1.00140496575782,1.00034004987317,1.00018749733353,0.999997813193945,1.00258612473494,1.00002601839835
