"","alpha","deviance","mu","sigmaY","sigmaZ","Y[1]","Z[1]"
"1",0.999875721707359,1.00016765038288,1.00030135316646,1.00018525803687,1.00004758520563,1.00004679246263,1.00072463221746
