"","alpha","deviance","mu","sigmaY","sigmaZ","Y[1]","Z[1]"
"1",1.00014293112795,1.00025646288574,1.00004684766771,1.00122648294318,1.00024154478827,1.00153208976314,1.00033308099017
