"","alpha","deviance","mu","sigmaY","sigmaZ","Y[1]","Z[1]"
"1",0.999911668311638,0.999967069260142,1.0006544965116,0.999868033404038,1.00005122644452,1.00046805995022,1.00062342787152
