"","alpha","deviance","mu","sigmaY","sigmaZ","Y[1]","Z[1]"
"1",1.00040031477811,1.00002671975972,1.00004996894181,1.00028229335018,0.999814387967876,1.00035364827657,1.00032734280506
