"","alpha","deviance","mu","sigmaY","sigmaZ","Y[1]","Z[1]"
"1",1.00025203678245,0.999886649661655,1.00004768681857,1.00031860726299,0.999918155105087,1.00069042660148,1.00062222123152
