"","alpha","deviance","mu","sigmaY","sigmaZ","Y[1]","Z[1]"
"1",1.00003241564418,0.999943995664461,1.00086676489095,1.00009144779449,1.00089135978091,1.00067868415179,1.00109832761382
