"","alpha","deviance","mu","sigmaY","sigmaZ","Y[1]","Z[1]"
"1",0.999929605671752,1.00039205028908,1.0000437513484,1.00023346472148,1.00040674027975,1.0008501941848,0.999889070527055
