"","alpha","deviance","mu","sigmaY","sigmaZ","Y[1]","Z[1]"
"1",0.999919108770219,1.00024091855081,1.00001377882689,1.00020454772648,1.00044712885811,1.00044063422713,1.00034426187961
