"","alpha","deviance","mu","sigmaY","sigmaZ","Y[1]","Z[1]"
"1",0.99993404647301,1.00002205779679,1.00004346196268,0.999932005647529,1.0000746830982,1.00002834196453,1.00030917868007
