"","alpha","deviance","mu","sigmaY","sigmaZ","Y[1]","Z[1]"
"1",1.0004118857158,1.00025977429983,1.00101146982399,1.00035825735645,1.00010067026261,0.999985376033691,1.00018068934986
