"","alpha","deviance","mu","sigmaY","sigmaZ","Y[1]","Z[1]"
"1",1.00015864348976,0.999956081081937,0.999962144695588,0.999863308742938,1.00044304951332,1.00083982429464,1.00021848366354
