"","alpha","deviance","mu","sigmaY","sigmaZ","Y[1]","Z[1]"
"1",1.00041568914111,1.00108558723004,1.00042893541963,0.999993329436751,1.00028308383921,1.00087180068561,0.999979879283763
