"","alpha","deviance","mu","sigmaY","sigmaZ","Y[1]","Z[1]"
"1",1.0000494456192,0.999830444710421,1.0000464127147,1.00025091726097,1.00054947302762,1.00263628418786,1.00083733108961
