"","alpha","deviance","mu","sigmaY","sigmaZ","Y[1]","Z[1]"
"1",1.00135120473801,0.999825728486549,1.00009983665375,1.00014413386201,0.999848387403079,1.0002859198164,1.00031479370753
