"","alpha","deviance","mu","sigmaY","sigmaZ","Y[1]","Z[1]"
"1",1.00024026299992,0.999873160189457,1.00100755527983,1.0003145065382,1.00051617801042,1.00086098247344,1.00040846776714
