"","alpha","deviance","mu","sigmaY","sigmaZ","Y[1]","Z[1]"
"1",0.99986435255367,1.00043631122046,1.00005038217069,1.00031118863035,1.00001906212177,1.00029468882848,1.00029245567328
