"","alpha","deviance","mu","sigmaY","sigmaZ","Y[1]","Z[1]"
"1",0.999965357594424,1.00044753188498,1.00017558771936,1.00031586521762,0.999962338607265,1.00024379829859,1.00019431493522
