"","alpha","deviance","mu","sigmaY","sigmaZ","Y[1]","Z[1]"
"1",0.999958080084857,0.999928988448322,0.999864432762903,0.999914732889097,1.00012952042945,1.00039926329169,1.0009244938325
