"","alpha","deviance","mu","sigmaY","sigmaZ","Y[1]","Z[1]"
"1",1.00039522240822,0.999955927249343,1.00059503535578,1.00062569595926,1.00004601239182,0.999923044221554,1.00055429923774
