"","alpha","deviance","mu","sigmaY","sigmaZ","Y[1]","Z[1]"
"1",1.00000948886513,1.00059103479014,1.00026534017961,1.00072268232445,0.999933598427786,1.00117024702274,1.00016566498486
