"","alpha","deviance","mu","sigmaY","sigmaZ","Y[1]","Z[1]"
"1",0.999881782451631,1.0006714091323,0.999990155943052,1.00037869748826,1.00002012351927,1.00043905637599,1.00065736175576
