"","alpha","deviance","mu","sigmaY","sigmaZ","Y[1]","Z[1]"
"1",1.00032568737756,0.999952915150738,1.00019703605181,1.00138411033587,0.999907996625307,1.00056468702937,1.00011799662621
