"","alpha","deviance","mu","sigmaY","sigmaZ","Y[1]","Z[1]"
"1",1.00052415253074,1.00032596288271,1.0000452464038,1.00267842086113,0.999989690499072,1.00281659828589,1.0006042419391
