"","alpha","deviance","mu","sigmaY","sigmaZ","Y[1]","Z[1]"
"1",0.99998242921332,1.00000722591181,1.00011884811923,1.00001448416394,1.000338791948,1.00017352501515,1.00098033769891
