"","alpha","deviance","mu","sigmaY","sigmaZ","Y[1]","Z[1]"
"1",1.00050971270014,0.999987487702613,0.999924088001869,1.0009782054924,0.999821559399636,1.001373197611,1.00114084182471
