"","alpha","deviance","mu","sigmaY","sigmaZ","Y[1]","Z[1]"
"1",1.00051257045328,1.00018101959503,1.00005761171393,0.999900747045374,1.00030241783661,1.00021735596769,1.00048363448877
