"","alpha","deviance","mu","sigmaY","sigmaZ","Y[1]","Z[1]"
"1",1.00000677936238,1.00004205876211,1.00013275389062,1.00043390346841,1.00009547637058,0.999861711591636,1.00342259855
