"","alpha","deviance","mu","sigmaY","sigmaZ","Y[1]","Z[1]"
"1",0.999888508745838,1.00048703277233,0.99987792591431,0.999871202631352,1.00135946093646,1.0004820274961,1.00218936877384
