"","alpha","deviance","mu","sigmaY","sigmaZ","Y[1]","Z[1]"
"1",1.00098344832119,1.00007716509129,1.00011031021763,0.99995765065639,1.00068817351421,1.00003922846491,1.00133274215539
