"","alpha","deviance","mu","sigmaY","sigmaZ","Y[1]","Z[1]"
"1",1.00011278620497,0.999932341536095,0.999854509729262,1.00092687218273,1.00035461542071,0.999930225458313,1.00150429130152
