"","alpha","deviance","mu","sigmaY","sigmaZ","Y[1]","Z[1]"
"1",1.00044017828042,1.00078714079547,1.00184804608313,1.00005531333308,1.00081803032295,1.0008436310059,1.0001905079879
