"","alpha","deviance","mu","sigmaY","sigmaZ","Y[1]","Z[1]"
"1",0.999952095624125,1.00006499613831,1.00062219336398,1.00077846759206,1.00041257004857,1.0000480785298,1.00024592224971
