"","alpha","deviance","mu","sigmaY","sigmaZ","Y[1]","Z[1]"
"1",1.00012956603925,1.00002158208988,1.00019289528543,1.00016931377643,1.00016928167681,0.99997687868229,1.00038234874432
