"","alpha","deviance","mu","sigmaY","sigmaZ","Y[1]","Z[1]"
"1",0.99982546439502,1.0002949294009,1.00029403091788,0.99984388950813,0.99990675757595,1.00029651366837,1.00020117736518
