"","alpha","deviance","mu","sigmaY","sigmaZ","Y[1]","Z[1]"
"1",1.00051646085257,1.00001414128223,0.999975578123495,0.999949198418546,1.00091980575946,1.00105786000463,0.999934249284196
