"","alpha","deviance","mu","sigmaY","sigmaZ","Y[1]","Z[1]"
"1",1.00036452490339,1.00020001899902,1.00008284811462,1.00029966962801,0.9998960930915,1.00014130346946,1.00012632922763
