"","alpha","deviance","mu","sigmaY","sigmaZ","Y[1]","Z[1]"
"1",0.999948320530256,1.00000513624363,1.00008492157921,0.999916186734464,1.00025573481683,0.999898985922193,1.00038411921753
