"","alpha","deviance","mu","sigmaY","sigmaZ","Y[1]","Z[1]"
"1",1.00020003865858,1.00022415055211,1.00018173722005,1.00080246318305,0.999817393547976,1.00015302975323,1.00050133910647
