"","alpha","deviance","mu","sigmaY","sigmaZ","Y[1]","Z[1]"
"1",0.999922089051438,1.00051161501558,1.00078823247426,1.00091602007987,0.999848098891881,1.00005114735604,1.00001621921011
