"","alpha","deviance","mu","sigmaY","sigmaZ","Y[1]","Z[1]"
"1",1.00506705099203,1.00017350741252,1.00981054300654,0.999985386883645,1.00982425578571,1.00111425276161,1.00940428734196
