"","alpha","deviance","mu","sigmaY","sigmaZ","Y[1]","Z[1]"
"1",1.00052037858181,0.999976235942282,1.00034942848196,1.00022475270954,1.00034079975942,1.00115075578384,1.00035987476925
