"","alpha","deviance","mu","sigmaY","sigmaZ","Y[1]","Z[1]"
"1",1.00010478743871,1.00001742441055,0.99991356599751,1.0000467943307,1.00011493685257,1.00009065598111,1.0000345390663
