"","alpha","deviance","mu","sigmaY","sigmaZ","Y[1]","Z[1]"
"1",0.999816667671644,1.00042755218218,1.00084100014589,0.999984014673863,0.999882805425402,1.0002960546977,1.00008240091742
