"","alpha","deviance","mu","sigmaY","sigmaZ","Y[1]","Z[1]"
"1",0.999940040132675,1.00052680291484,1.0002259614626,0.999841295298534,1.00001863052142,1.00005377948477,1.00031571656046
