"","alpha","deviance","mu","sigmaY","sigmaZ","Y[1]","Z[1]"
"1",1.00004016589328,1.00036172411335,1.00025779375584,0.999807739773036,1.00010567044741,1.00034348220145,0.999934067588142
