"","alpha","deviance","mu","sigmaY","sigmaZ","Y[1]","Z[1]"
"1",1.00022786527025,1.00071070869371,1.00135022633435,0.999922098716908,1.00034685616385,1.00014466922943,0.999969263295958
