"","alpha","deviance","mu","sigmaY","sigmaZ","Y[1]","Z[1]"
"1",0.999904427265923,1.00035637120774,1.00045038355968,1.00007226304805,1.00050948511561,1.00028059821796,0.999826686481729
