"","alpha","deviance","mu","sigmaY","sigmaZ","Y[1]","Z[1]"
"1",0.999918529176475,1.00006985513994,0.999899118667168,1.00010989345678,1.00015299242413,1.00053782612864,1.00056040694836
