"","alpha","deviance","mu","sigmaY","sigmaZ","Y[1]","Z[1]"
"1",1.00085754200702,1.00012949366013,1.00030735184813,1.0000873185209,1.00005937045261,1.00019135440862,1.00010380421278
