"","alpha","deviance","mu","sigmaY","sigmaZ","Y[1]","Z[1]"
"1",1.00088464113248,1.00267008302299,1.00027440585943,1.00079540048749,1.00044999626118,1.00001102987641,1.00027022440524
