"","alpha","deviance","mu","sigmaY","sigmaZ","Y[1]","Z[1]"
"1",0.999814590096523,1.00004649409466,0.999850567939211,1.00010196310454,0.999961199559018,1.0000255507454,1.00009918369271
