"","alpha","deviance","mu","sigmaY","sigmaZ","Y[1]","Z[1]"
"1",1.00020027352306,1.00021132302875,0.999902035872108,1.00006435403204,1.00103080552137,0.99993150768573,1.00119699957302
