"","alpha","deviance","mu","sigmaY","sigmaZ","Y[1]","Z[1]"
"1",1.0000952567361,1.00036175879936,1.00035933049644,1.0000351554048,1.00022813286128,1.00004903201995,1.00004103784591
