"","alpha","deviance","mu","sigmaY","sigmaZ","Y[1]","Z[1]"
"1",1.00030758848566,1.00021612249804,0.999904233551687,1.00030902895998,1.0000038660618,1.00084572649427,1.0005686400539
