"","alpha","deviance","mu","sigmaY","sigmaZ","Y[1]","Z[1]"
"1",0.999912776707906,1.00001988986321,0.99989331301034,1.0002910417645,1.00001959759805,1.00014999540902,1.00000035203613
