"","alpha","deviance","mu","sigmaY","sigmaZ","Y[1]","Z[1]"
"1",0.999884764366318,1.00003506982566,1.0000962104848,1.00015928060525,1.00003985925568,1.00071587549088,0.999932889024669
