"","alpha","deviance","mu","sigmaY","sigmaZ","Y[1]","Z[1]"
"1",1.00006784987122,0.99987247694174,1.00006383972163,1.00020933759407,1.00050890849862,1.0004821074032,1.00055030315796
