"","alpha","deviance","mu","sigmaY","sigmaZ","Y[1]","Z[1]"
"1",1.00035516984604,1.00008093698882,1.00035349912271,1.00089297126006,1.00039196811012,1.0010713185826,0.999930663382408
