"","alpha","deviance","mu","sigmaY","sigmaZ","Y[1]","Z[1]"
"1",1.00025308130951,0.999941454924439,1.00000223065233,0.999966062788442,0.9999792922826,1.00009674341111,1.00059926466562
