"","alpha","deviance","mu","sigmaY","sigmaZ","Y[1]","Z[1]"
"1",1.00003399250063,1.00015309930575,1.00025514297094,1.00009774276832,1.00020350906794,1.00019221451218,1.00054281885622
