"","alpha","deviance","mu","sigmaY","sigmaZ","Y[1]","Z[1]"
"1",0.999831851523331,1.00050361062558,0.999913678154964,1.0003163304365,1.0003957818097,0.999984854668605,0.999989858340236
