"","alpha","deviance","mu","sigmaY","sigmaZ","Y[1]","Z[1]"
"1",0.999859037115706,1.00035466912675,1.00048190695752,0.999955878561513,1.00010044821399,1.00011146220891,1.0002128153611
