"","alpha","deviance","mu","sigmaY","sigmaZ","Y[1]","Z[1]"
"1",1.00030049599448,1.00030784312418,1.00014077767085,1.00035151471263,1.00025704735661,1.00007795359363,1.00160562273439
