"","alpha","deviance","mu","sigmaY","sigmaZ","Y[1]","Z[1]"
"1",0.999925934460722,0.999875323284677,0.99985068387521,1.0000752625031,1.00141047195482,0.999947856472637,1.00143777804024
