"","alpha","deviance","mu","sigmaY","sigmaZ","Y[1]","Z[1]"
"1",1.00075189811143,1.00068878729149,1.0001729782084,1.00024843896526,1.00010071489278,1.00074664702255,1.00153328514265
