"","alpha","deviance","mu","sigmaY","sigmaZ","Y[1]","Z[1]"
"1",0.999837934000602,1.00013968560956,1.00035635745615,0.999972390003793,0.999956426899078,1.00002717719413,1.00025183789037
