"","alpha","deviance","mu","sigmaY","sigmaZ","Y[1]","Z[1]"
"1",1.0001579356778,0.99981795814673,1.00007017446256,1.00116626403132,1.00126699065765,1.00101611893264,1.00006518051164
