"","alpha","deviance","mu","sigmaY","sigmaZ","Y[1]","Z[1]"
"1",1.00010114408189,0.999879678988634,1.0003387038866,1.00027297764339,0.999939282311005,1.00012899782206,1.00044358298623
