"","alpha","deviance","mu","sigmaY","sigmaZ","Y[1]","Z[1]"
"1",1.00088776011658,1.00089733471934,1.00039112695711,1.00000115890694,0.999876573297782,1.00050218526753,1.00147918371721
