"","alpha","deviance","mu","sigmaY","sigmaZ","Y[1]","Z[1]"
"1",1.00035784739829,0.999983851920955,0.999955731104559,1.00029838675371,1.00013379276343,1.00050808511432,1.00097223945406
