"","alpha","deviance","mu","sigmaY","sigmaZ","Y[1]","Z[1]"
"1",1.00054434613811,1.00004213236763,1.00067888622728,1.00044493838233,1.00096651227717,0.999856214680375,1.00083535671803
