"","alpha","deviance","mu","sigmaY","sigmaZ","Y[1]","Z[1]"
"1",1.00024800837168,1.00021096314285,1.00056401868902,1.0002124135995,1.00020990838299,1.00117995292629,1.00081910557248
