"","alpha","deviance","mu","sigmaY","sigmaZ","Y[1]","Z[1]"
"1",1.00033047398112,1.00003879592784,1.00007147880121,1.00005338835879,1.00003077484108,1.0008687781323,1.00021026250662
