"","alpha","deviance","mu","sigmaY","sigmaZ","Y[1]","Z[1]"
"1",1.00010454255722,1.00010680808533,1.00001666565236,1.00014255375437,1.00015518867544,1.00074744945763,1.00018567171301
