"","alpha","deviance","mu","sigmaY","sigmaZ","Y[1]","Z[1]"
"1",1.00007093565652,0.999857843540737,0.999935836119883,0.99991686869124,1.00002661199201,1.00107811712473,1.0004113446272
