"","alpha","deviance","mu","sigmaY","sigmaZ","Y[1]","Z[1]"
"1",1.00025397869811,1.00014863955188,0.999904281993846,1.00044964244231,1.00022078597172,1.00029279384022,1.00040181541465
