"","alpha","deviance","mu","sigmaY","sigmaZ","Y[1]","Z[1]"
"1",1.00005494568666,1.00017635461754,0.999956708273245,0.999862198749709,0.999811959452126,1.00004906369169,0.999999043281288
