"","alpha","deviance","mu","sigmaY","sigmaZ","Y[1]","Z[1]"
"1",1.00004632938262,0.999988436947676,0.999950842366191,1.00008414086293,0.999959898730956,1.00098585086125,1.00053705609489
