"","alpha","deviance","mu","sigmaY","sigmaZ","Y[1]","Z[1]"
"1",1.00017887570644,1.00009685427594,1.0000289125598,1.0007085657154,1.00025460893482,1.0002731317455,0.999921674872685
