"","alpha","deviance","mu","sigmaY","sigmaZ","Y[1]","Z[1]"
"1",1.00037113544279,0.999904882560112,1.00038196545501,0.999889816870672,1.00149216127706,1.00026750263999,1.00118884891437
