"","alpha","deviance","mu","sigmaY","sigmaZ","Y[1]","Z[1]"
"1",1.00056266486199,1.0004345996956,0.999876118240099,1.00045060750245,1.00002023554317,1.00195521086682,1.00050472295434
