"","alpha","deviance","mu","sigmaY","sigmaZ","Y[1]","Z[1]"
"1",1.00008119679676,1.00005728808186,1.00008132511438,0.999894927744179,1.00006072407982,0.99984786550722,1.00199306206659
