"","alpha","deviance","mu","sigmaY","sigmaZ","Y[1]","Z[1]"
"1",0.99995193330118,0.999892876945708,1.0001375678052,1.00007547867002,1.00007875094641,1.00021975264378,1.00026587826346
