"","alpha","deviance","mu","sigmaY","sigmaZ","Y[1]","Z[1]"
"1",1.00009673562185,1.00034088293731,1.00026250917324,1.00052050877727,1.00069541146248,1.00052221573898,1.00014074158562
