"","alpha","deviance","mu","sigmaY","sigmaZ","Y[1]","Z[1]"
"1",1.00018222586758,0.999907720935374,1.00005817843353,1.0001230604832,1.00124296307824,1.00031803986704,0.999940183136048
