"","alpha","deviance","mu","sigmaY","sigmaZ","Y[1]","Z[1]"
"1",1.00009866959396,1.00007459605691,1.00021064825834,1.00032750005083,1.00070052117916,1.00023058951892,1.00166634019843
