"","alpha","deviance","mu","sigmaY","sigmaZ","Y[1]","Z[1]"
"1",1.00049716988569,0.999855509870071,1.0004213616948,1.00077370644556,0.999986989269817,1.00033100208669,1.00059693950253
