"","alpha","deviance","mu","sigmaY","sigmaZ","Y[1]","Z[1]"
"1",1.00001368300427,0.99992400329237,1.00072685910703,1.00045349920263,1.00080616258555,1.00032844267652,1.00112462008113
