"","alpha","deviance","mu","sigmaY","sigmaZ","Y[1]","Z[1]"
"1",1.00030948929346,0.999938485846188,1.00001352739003,1.0001841191356,1.00121244767772,1.00096705694407,1.00018847827037
