"","alpha","deviance","mu","sigmaY","sigmaZ","Y[1]","Z[1]"
"1",1.00036652593507,1.00063239209859,0.999892552270083,0.999962887037044,1.00089325751143,1.0000644774792,1.0001078644267
