"","alpha","deviance","mu","sigmaY","sigmaZ","Y[1]","Z[1]"
"1",1.00088497274338,1.00031813459208,1.00055588551928,1.00074846803736,1.00062595742918,1.00067864999182,1.00040529206502
